latitude,longitude,elevation,utc_offset_seconds,timezone,timezone_abbreviation
25.483303,119.186554,15.0,28800,Asia/Shanghai,CST

time,weather_code (wmo code),temperature_2m_max (°C),temperature_2m_min (°C),temperature_2m_mean (°C),apparent_temperature_max (°C),apparent_temperature_min (°C),apparent_temperature_mean (°C),sunrise (iso8601),sunset (iso8601),daylight_duration (s),sunshine_duration (s),precipitation_sum (mm),rain_sum (mm),snowfall_sum (cm),precipitation_hours (h),wind_speed_10m_max (km/h),wind_gusts_10m_max (km/h),wind_direction_10m_dominant (°),shortwave_radiation_sum (MJ/m²),et0_fao_evapotranspiration (mm)
2022-01-01,3,18.1,10.0,13.2,15.5,7.1,10.4,2022-01-01T06:49,2022-01-01T17:24,38087.57,35125.65,0.00,0.00,0.00,0.0,21.5,42.1,37,13.89,2.73
2022-01-02,3,18.3,11.4,14.1,15.2,8.6,11.4,2022-01-02T06:49,2022-01-02T17:24,38110.04,35144.52,0.00,0.00,0.00,0.0,21.6,42.5,38,12.25,2.58
2022-01-03,1,19.5,9.5,13.9,16.3,6.9,10.7,2022-01-03T06:49,2022-01-03T17:25,38134.46,35131.66,0.00,0.00,0.00,0.0,18.2,36.0,38,14.82,3.36
2022-01-04,2,20.6,12.0,15.4,18.4,8.9,12.8,2022-01-04T06:50,2022-01-04T17:26,38161.10,34976.46,0.00,0.00,0.00,0.0,19.6,39.2,33,14.21,3.20
2022-01-05,55,19.5,13.6,16.3,20.1,12.9,16.2,2022-01-05T06:50,2022-01-05T17:26,38190.03,21623.56,2.30,2.30,0.00,7.0,15.4,28.8,38,8.45,1.70
2022-01-06,3,16.5,11.1,13.9,13.6,7.1,10.4,2022-01-06T06:50,2022-01-06T17:27,38221.19,32405.38,0.00,0.00,0.00,0.0,30.3,58.7,41,14.48,2.83
2022-01-07,3,16.0,9.8,12.3,11.8,5.4,8.2,2022-01-07T06:50,2022-01-07T17:28,38254.49,34060.53,0.00,0.00,0.00,0.0,27.2,53.3,36,11.84,2.69
2022-01-08,2,17.5,10.2,12.7,14.1,6.4,9.2,2022-01-08T06:50,2022-01-08T17:28,38289.88,35088.54,0.00,0.00,0.00,0.0,22.8,44.6,33,14.75,2.92
2022-01-09,3,19.1,9.4,13.1,16.5,7.1,10.2,2022-01-09T06:50,2022-01-09T17:29,38327.28,33484.27,0.00,0.00,0.00,0.0,23.9,45.4,38,11.69,2.42
2022-01-10,51,19.0,10.6,13.8,16.8,8.0,11.5,2022-01-10T06:50,2022-01-10T17:30,38366.61,29387.33,0.80,0.80,0.00,5.0,18.9,36.7,43,11.05,2.24
2022-01-11,51,14.0,10.0,12.2,12.1,5.9,9.3,2022-01-11T06:50,2022-01-11T17:31,38407.81,8686.94,0.50,0.50,0.00,5.0,24.5,46.4,52,6.42,1.60
2022-01-12,3,14.0,8.6,10.6,10.3,4.3,6.8,2022-01-12T06:50,2022-01-12T17:31,38450.80,34943.23,0.00,0.00,0.00,0.0,21.0,40.0,45,14.08,2.75
2022-01-13,3,17.8,6.5,11.3,14.7,4.9,8.4,2022-01-13T06:50,2022-01-13T17:32,38495.51,29158.49,0.00,0.00,0.00,0.0,28.2,53.3,46,11.15,2.41
2022-01-14,3,13.8,8.7,11.0,9.6,4.2,6.9,2022-01-14T06:50,2022-01-14T17:33,38541.87,31857.31,0.00,0.00,0.00,0.0,21.4,41.0,41,13.26,2.79
2022-01-15,3,19.2,7.4,12.8,17.2,5.6,10.6,2022-01-15T06:50,2022-01-15T17:34,38589.81,34784.65,0.00,0.00,0.00,0.0,14.9,30.6,58,14.57,2.65
2022-01-16,3,16.5,11.5,13.2,13.3,8.0,10.3,2022-01-16T06:50,2022-01-16T17:35,38639.26,14350.52,0.00,0.00,0.00,0.0,21.8,41.8,30,6.63,1.88
2022-01-17,3,14.8,11.3,12.4,10.9,7.6,8.8,2022-01-17T06:50,2022-01-17T17:35,38690.14,510.99,0.00,0.00,0.00,0.0,24.1,45.7,32,5.41,1.90
2022-01-18,3,14.5,11.0,12.5,10.5,7.5,9.0,2022-01-18T06:50,2022-01-18T17:36,38742.39,694.59,0.00,0.00,0.00,0.0,22.9,45.7,28,5.53,1.96
2022-01-19,3,19.6,10.6,14.3,16.5,7.7,11.0,2022-01-19T06:50,2022-01-19T17:37,38795.95,35115.83,0.00,0.00,0.00,0.0,24.7,46.8,34,15.02,3.26
2022-01-20,3,17.1,11.7,13.7,12.2,7.1,9.4,2022-01-20T06:50,2022-01-20T17:38,38850.73,31830.50,0.00,0.00,0.00,0.0,30.3,58.3,29,14.37,3.19
2022-01-21,51,15.0,10.6,12.4,10.4,6.4,8.4,2022-01-21T06:50,2022-01-21T17:38,38906.68,8153.63,0.20,0.20,0.00,1.0,28.5,55.4,27,7.49,2.12
2022-01-22,63,15.6,11.8,13.4,15.7,8.3,11.9,2022-01-22T06:50,2022-01-22T17:39,38963.73,421.75,23.40,23.40,0.00,20.0,22.1,40.0,20,3.33,0.79
2022-01-23,61,20.6,11.7,15.7,21.9,11.6,16.4,2022-01-23T06:49,2022-01-23T17:40,39021.82,9676.60,2.90,2.90,0.00,5.0,10.1,18.4,32,5.46,1.02
2022-01-24,51,17.9,12.7,14.6,15.3,9.9,12.3,2022-01-24T06:49,2022-01-24T17:41,39081.49,17789.21,0.30,0.30,0.00,2.0,23.3,45.7,43,8.71,1.79
2022-01-25,3,17.1,11.7,13.9,14.6,9.1,11.3,2022-01-25T06:49,2022-01-25T17:41,39142.96,32327.32,0.00,0.00,0.00,0.0,19.7,38.2,35,11.36,2.17
2022-01-26,3,18.0,12.3,14.7,16.2,9.4,12.4,2022-01-26T06:49,2022-01-26T17:42,39206.14,3706.79,0.00,0.00,0.00,0.0,19.0,36.7,35,7.79,1.87
2022-01-27,3,21.0,11.4,15.5,21.0,10.6,14.0,2022-01-27T06:48,2022-01-27T17:43,39270.93,35252.15,0.00,0.00,0.00,0.0,24.7,45.0,47,13.51,2.53
2022-01-28,53,14.7,10.9,12.8,10.5,7.6,9.1,2022-01-28T06:48,2022-01-28T17:44,39337.23,6398.93,1.10,1.10,0.00,2.0,28.2,53.6,35,7.89,1.92
2022-01-29,3,14.5,10.1,11.6,10.6,5.9,7.8,2022-01-29T06:47,2022-01-29T17:44,39404.95,26623.34,0.00,0.00,0.00,0.0,24.6,47.5,35,11.44,2.17
2022-01-30,51,15.5,9.2,11.0,12.1,5.1,7.5,2022-01-30T06:47,2022-01-30T17:45,39474.00,21082.13,0.60,0.60,0.00,4.0,25.6,48.6,42,9.06,2.02
2022-01-31,53,10.6,6.3,8.3,5.6,1.6,3.8,2022-01-31T06:47,2022-01-31T17:46,39544.27,1413.93,2.60,2.60,0.00,7.0,27.7,51.8,26,4.50,1.44
2022-02-01,61,11.3,8.6,9.7,8.0,4.2,6.0,2022-02-01T06:46,2022-02-01T17:46,39615.69,3233.35,12.20,12.20,0.00,22.0,26.4,47.5,26,2.78,0.72
2022-02-02,53,13.3,8.4,10.0,9.7,4.3,6.5,2022-02-02T06:46,2022-02-02T17:47,39688.16,6240.95,2.00,2.00,0.00,6.0,22.4,45.7,29,5.57,1.24
2022-02-03,63,10.6,8.9,9.7,7.7,5.7,6.5,2022-02-03T06:45,2022-02-03T17:48,39761.59,0.00,29.20,29.20,0.00,14.0,20.5,39.2,30,2.64,0.69
2022-02-04,51,11.8,8.9,9.8,7.9,5.0,6.1,2022-02-04T06:45,2022-02-04T17:49,39835.90,1410.58,0.30,0.30,0.00,3.0,21.2,38.9,36,4.02,1.34
2022-02-05,3,11.4,8.0,9.7,6.8,3.6,5.2,2022-02-05T06:44,2022-02-05T17:49,39911.00,8795.93,0.00,0.00,0.00,0.0,23.2,43.6,35,8.55,2.11
2022-02-06,51,12.4,7.9,9.5,7.5,3.7,4.9,2022-02-06T06:44,2022-02-06T17:50,39986.80,14580.91,0.70,0.70,0.00,4.0,27.6,51.1,33,10.29,2.20
2022-02-07,65,17.0,8.3,11.8,16.8,4.2,10.0,2022-02-07T06:43,2022-02-07T17:51,40063.23,11454.40,23.70,23.70,0.00,16.0,19.3,35.6,22,7.78,1.43
2022-02-08,3,14.4,10.0,11.6,10.4,6.5,8.3,2022-02-08T06:42,2022-02-08T17:52,40140.19,32910.88,0.00,0.00,0.00,0.0,24.7,46.8,38,12.90,2.13
2022-02-09,51,15.8,9.8,11.9,13.8,6.0,9.1,2022-02-09T06:42,2022-02-09T17:52,40217.61,22179.18,0.10,0.10,0.00,1.0,23.8,43.2,38,10.65,1.98
2022-02-10,51,15.6,9.2,11.7,12.9,6.8,9.0,2022-02-10T06:41,2022-02-10T17:53,40295.42,32758.79,0.40,0.40,0.00,2.0,21.0,40.7,42,11.95,1.93
2022-02-11,3,18.4,10.6,13.4,17.8,7.3,11.0,2022-02-11T06:41,2022-02-11T17:54,40373.52,33737.32,0.00,0.00,0.00,0.0,20.6,39.6,38,14.73,2.53
2022-02-12,3,18.8,11.8,14.1,16.5,9.6,12.0,2022-02-12T06:40,2022-02-12T17:54,40451.87,31383.76,0.00,0.00,0.00,0.0,25.9,49.0,44,13.19,2.30
2022-02-13,63,14.9,11.1,12.6,13.9,8.6,10.7,2022-02-13T06:39,2022-02-13T17:55,40531.05,0.00,9.90,9.90,0.00,21.0,18.4,33.1,38,4.03,0.92
2022-02-14,61,16.8,9.4,11.9,14.2,6.2,8.9,2022-02-14T06:39,2022-02-14T17:55,40611.37,37652.44,2.90,2.90,0.00,7.0,22.6,42.8,39,15.50,2.40
2022-02-15,3,15.9,8.1,11.2,13.4,3.8,7.5,2022-02-15T06:38,2022-02-15T17:56,40692.73,35503.24,0.00,0.00,0.00,0.0,22.0,41.0,31,16.79,2.94
2022-02-16,3,16.8,8.6,11.9,13.6,4.8,8.2,2022-02-16T06:37,2022-02-16T17:57,40775.05,32333.07,0.00,0.00,0.00,0.0,25.9,48.2,31,14.59,2.66
2022-02-17,51,12.0,8.3,10.3,7.3,3.7,5.8,2022-02-17T06:36,2022-02-17T17:57,40858.25,3405.52,0.90,0.90,0.00,6.0,28.5,51.8,28,5.34,1.51
2022-02-18,51,12.6,8.3,10.3,9.3,3.4,6.5,2022-02-18T06:36,2022-02-18T17:58,40942.25,2055.38,1.60,1.60,0.00,7.0,24.8,45.0,24,7.33,1.64
2022-02-19,61,14.8,7.4,10.8,11.4,3.0,7.7,2022-02-19T06:35,2022-02-19T17:59,41026.98,5455.35,13.50,13.50,0.00,21.0,26.4,47.5,39,5.27,1.11
2022-02-20,61,7.2,3.6,4.8,2.9,-1.7,-0.2,2022-02-20T06:34,2022-02-20T17:59,41112.33,0.00,26.00,26.00,0.00,24.0,27.9,48.6,28,2.66,0.63
2022-02-21,61,7.2,3.2,5.2,2.8,-2.1,0.5,2022-02-21T06:33,2022-02-21T18:00,41198.26,0.00,17.10,17.10,0.00,22.0,23.8,42.8,22,3.11,0.64
2022-02-22,61,9.5,6.4,7.7,4.9,1.5,2.9,2022-02-22T06:32,2022-02-22T18:00,41284.66,133.92,8.70,8.70,0.00,12.0,26.9,48.6,25,4.22,1.22
2022-02-23,63,10.3,6.3,7.7,4.8,1.5,2.9,2022-02-23T06:31,2022-02-23T18:01,41371.48,7070.78,19.90,19.90,0.00,9.0,31.7,59.8,28,8.35,1.58
2022-02-24,3,11.7,5.7,8.5,7.3,0.6,3.7,2022-02-24T06:31,2022-02-24T18:02,41458.64,38368.46,0.00,0.00,0.00,0.0,27.0,51.8,33,19.77,3.07
2022-02-25,2,16.2,7.5,11.0,14.3,3.5,7.6,2022-02-25T06:30,2022-02-25T18:02,41546.06,38404.68,0.00,0.00,0.00,0.0,21.6,41.0,32,18.68,3.03
2022-02-26,3,19.2,8.1,13.3,20.2,6.5,12.5,2022-02-26T06:29,2022-02-26T18:03,41633.67,38440.46,0.00,0.00,0.00,0.0,18.6,37.4,67,18.99,2.88
2022-02-27,0,18.6,10.8,14.2,17.4,9.3,12.3,2022-02-27T06:28,2022-02-27T18:03,41721.41,38475.83,0.00,0.00,0.00,0.0,22.2,42.5,41,19.60,3.10
2022-02-28,0,21.4,10.5,15.7,23.4,9.3,15.7,2022-02-28T06:27,2022-02-28T18:04,41809.19,38510.78,0.00,0.00,0.00,0.0,12.8,24.8,62,19.90,3.29
2022-03-01,3,25.3,12.7,18.2,28.5,12.2,19.3,2022-03-01T06:26,2022-03-01T18:04,41896.95,37240.64,0.00,0.00,0.00,0.0,18.1,31.3,124,19.07,3.42
2022-03-02,3,17.8,13.1,15.6,15.7,10.4,13.6,2022-03-02T06:25,2022-03-02T18:05,41984.62,15835.31,0.00,0.00,0.00,0.0,19.8,37.1,41,7.42,1.92
2022-03-03,3,21.9,12.9,16.8,22.9,11.7,16.1,2022-03-03T06:24,2022-03-03T18:05,42072.12,38613.19,0.00,0.00,0.00,0.0,14.5,28.8,42,19.06,3.39
2022-03-04,1,24.0,12.3,18.1,25.3,12.1,19.0,2022-03-04T06:23,2022-03-04T18:06,42159.42,37763.19,0.00,0.00,0.00,0.0,13.7,30.2,213,19.13,3.35
2022-03-05,53,21.7,15.9,18.1,20.5,13.6,16.7,2022-03-05T06:22,2022-03-05T18:07,42247.07,27303.15,1.10,1.10,0.00,4.0,21.8,41.8,43,13.17,2.98
2022-03-06,51,17.0,11.5,13.9,13.0,8.1,10.3,2022-03-06T06:21,2022-03-06T18:07,42335.34,16847.28,0.20,0.20,0.00,2.0,26.3,50.0,31,8.88,2.36
2022-03-07,55,15.8,10.2,11.9,12.8,6.9,9.0,2022-03-07T06:20,2022-03-07T18:08,42424.20,21318.96,3.20,3.20,0.00,7.0,25.4,48.6,41,10.55,1.92
2022-03-08,0,17.9,6.5,11.9,14.6,4.3,8.6,2022-03-08T06:19,2022-03-08T18:08,42513.55,38988.34,0.00,0.00,0.00,0.0,22.0,41.8,36,22.60,4.11
2022-03-09,0,21.3,9.9,15.4,20.4,7.4,13.2,2022-03-09T06:18,2022-03-09T18:09,42603.35,38931.41,0.00,0.00,0.00,0.0,20.8,41.0,27,21.68,4.11
2022-03-10,2,24.4,14.7,18.3,24.1,13.0,17.4,2022-03-10T06:17,2022-03-10T18:09,42693.52,38955.64,0.00,0.00,0.00,0.0,19.1,37.4,30,20.16,4.06
2022-03-11,0,23.8,10.8,17.2,25.1,10.6,17.4,2022-03-11T06:16,2022-03-11T18:10,42784.01,38866.35,0.00,0.00,0.00,0.0,12.6,28.1,80,20.88,3.76
2022-03-12,2,26.4,14.4,19.8,27.5,14.1,19.9,2022-03-12T06:15,2022-03-12T18:10,42874.75,39094.76,0.00,0.00,0.00,0.0,20.1,37.8,37,20.12,4.08
2022-03-13,1,27.1,13.4,19.9,28.6,14.2,21.1,2022-03-13T06:14,2022-03-13T18:10,42965.68,39117.97,0.00,0.00,0.00,0.0,14.4,31.7,205,19.43,3.74
2022-03-14,2,27.8,16.2,21.8,30.7,17.1,23.5,2022-03-14T06:13,2022-03-14T18:11,43056.73,37392.79,0.00,0.00,0.00,0.0,14.2,30.2,140,19.33,3.91
2022-03-15,1,26.0,17.8,20.8,26.2,17.4,20.5,2022-03-15T06:12,2022-03-15T18:11,43147.85,38983.41,0.00,0.00,0.00,0.0,22.9,45.7,50,18.69,3.98
2022-03-16,3,28.0,17.1,21.6,29.1,17.7,22.4,2022-03-16T06:11,2022-03-16T18:12,43238.98,32290.22,0.00,0.00,0.00,0.0,21.1,39.6,43,17.28,3.79
2022-03-17,51,26.5,18.3,21.4,27.4,20.9,23.4,2022-03-17T06:10,2022-03-17T18:12,43330.04,26495.92,0.60,0.60,0.00,4.0,25.5,49.3,197,13.09,2.67
2022-03-18,3,27.3,15.3,19.9,28.8,14.1,19.7,2022-03-18T06:09,2022-03-18T18:13,43420.99,38774.06,0.00,0.00,0.00,0.0,26.7,53.6,41,20.88,4.26
2022-03-19,3,23.7,12.8,17.7,24.5,12.8,16.8,2022-03-19T06:08,2022-03-19T18:13,43511.75,39909.33,0.00,0.00,0.00,0.0,22.7,41.4,58,22.13,4.22
2022-03-20,61,25.5,16.5,19.5,26.7,14.5,18.6,2022-03-20T06:07,2022-03-20T18:14,43602.28,33229.70,2.10,2.10,0.00,2.0,19.6,40.7,52,16.32,3.76
2022-03-21,53,22.6,15.9,18.3,23.7,15.6,18.7,2022-03-21T06:06,2022-03-21T18:14,43692.50,19784.80,1.80,1.80,0.00,6.0,14.3,29.2,68,12.93,2.42
2022-03-22,53,17.1,12.5,14.7,17.9,9.4,12.4,2022-03-22T06:05,2022-03-22T18:15,43782.36,0.00,4.00,4.00,0.00,17.0,27.6,50.8,43,4.17,1.24
2022-03-23,63,16.4,11.9,13.5,13.0,9.4,10.7,2022-03-23T06:04,2022-03-23T18:15,43871.78,6458.58,4.30,4.30,0.00,4.0,22.9,43.2,46,9.80,2.07
2022-03-24,51,21.5,12.3,15.7,21.2,9.4,13.6,2022-03-24T06:03,2022-03-24T18:16,43960.73,32400.00,0.80,0.80,0.00,4.0,20.5,41.4,46,17.05,3.42
2022-03-25,63,22.6,15.4,18.6,23.2,15.5,19.9,2022-03-25T06:02,2022-03-25T18:16,44049.72,5139.54,15.70,15.70,0.00,20.0,19.5,48.2,226,7.86,1.49
2022-03-26,63,27.5,15.4,21.2,32.0,13.3,22.8,2022-03-26T06:01,2022-03-26T18:16,44139.03,18393.11,21.20,21.20,0.00,17.0,28.7,51.8,137,12.99,2.58
2022-03-27,55,17.3,14.7,15.6,14.1,10.0,12.7,2022-03-27T06:00,2022-03-27T18:17,44228.59,1490.81,2.40,2.40,0.00,5.0,26.5,50.4,41,7.65,2.42
2022-03-28,61,14.7,11.6,12.7,11.1,8.3,9.4,2022-03-28T05:59,2022-03-28T18:17,44318.35,2847.07,14.10,14.10,0.00,16.0,26.3,48.2,28,5.79,1.81
2022-03-29,63,21.2,11.8,16.2,20.8,9.1,14.6,2022-03-29T05:58,2022-03-29T18:18,44408.25,34079.48,9.60,9.60,0.00,6.0,21.4,41.8,33,18.57,3.26
2022-03-30,63,24.0,15.9,19.5,27.1,16.2,21.3,2022-03-30T05:57,2022-03-30T18:18,44498.23,32801.58,9.00,9.00,0.00,8.0,13.8,34.2,45,15.69,2.77
2022-03-31,51,21.5,13.8,18.4,20.7,8.7,17.3,2022-03-31T05:56,2022-03-31T18:19,44588.23,28319.03,0.80,0.80,0.00,6.0,32.3,61.9,41,15.21,2.93
2022-04-01,3,18.0,13.7,15.1,14.0,7.9,10.3,2022-04-01T05:55,2022-04-01T18:19,44678.20,29881.22,0.00,0.00,0.00,0.0,31.3,60.1,40,17.50,4.47
2022-04-02,53,13.4,10.4,11.7,9.0,6.4,7.8,2022-04-02T05:54,2022-04-02T18:20,44768.07,2124.15,1.20,1.20,0.00,5.0,22.0,44.6,26,6.29,2.23
2022-04-03,3,17.8,11.4,13.7,14.1,8.0,9.9,2022-04-03T05:52,2022-04-03T18:20,44857.79,39498.94,0.00,0.00,0.00,0.0,27.3,52.6,35,23.35,4.40
2022-04-04,0,18.3,10.2,13.8,15.6,5.8,10.3,2022-04-04T05:51,2022-04-04T18:21,44947.30,42269.79,0.00,0.00,0.00,0.0,25.1,48.6,32,24.05,4.29
2022-04-05,0,22.5,10.9,16.4,23.3,8.9,15.3,2022-04-05T05:50,2022-04-05T18:21,45036.54,42357.14,0.00,0.00,0.00,0.0,19.2,38.2,41,24.07,4.27
2022-04-06,2,23.6,14.3,18.7,23.7,13.6,17.8,2022-04-06T05:49,2022-04-06T18:21,45125.44,40306.40,0.00,0.00,0.00,0.0,22.9,44.3,38,21.23,4.19
2022-04-07,1,24.6,14.3,19.1,23.8,13.6,17.7,2022-04-07T05:48,2022-04-07T18:22,45213.95,42528.30,0.00,0.00,0.00,0.0,20.7,41.0,40,24.26,5.17
2022-04-08,0,24.5,15.0,19.3,22.8,11.8,16.3,2022-04-08T05:47,2022-04-08T18:22,45302.00,42588.23,0.00,0.00,0.00,0.0,26.0,49.7,29,24.53,6.13
2022-04-09,2,25.9,16.7,20.8,25.9,14.8,19.7,2022-04-09T05:46,2022-04-09T18:23,45389.53,42647.46,0.00,0.00,0.00,0.0,21.9,43.6,32,21.54,5.00
2022-04-10,0,27.7,15.7,21.4,30.1,16.2,22.4,2022-04-10T05:45,2022-04-10T18:23,45476.47,42705.90,0.00,0.00,0.00,0.0,17.9,37.1,51,23.39,4.70
2022-04-11,1,28.0,14.9,21.4,30.3,15.5,23.1,2022-04-11T05:44,2022-04-11T18:24,45562.77,42763.46,0.00,0.00,0.00,0.0,11.5,27.7,122,23.44,4.69
2022-04-12,3,27.7,17.7,22.1,30.2,19.4,24.3,2022-04-12T05:43,2022-04-12T18:24,45648.34,42244.27,0.00,0.00,0.00,0.0,14.5,32.8,111,23.49,4.56
2022-04-13,55,28.4,18.2,22.8,31.0,20.6,25.1,2022-04-13T05:42,2022-04-13T18:25,45733.15,39105.66,2.60,2.60,0.00,4.0,21.7,43.6,191,20.88,4.27
2022-04-14,51,27.5,18.4,22.4,28.1,19.0,22.9,2022-04-14T05:41,2022-04-14T18:25,45817.68,40823.83,0.10,0.10,0.00,1.0,22.0,42.5,55,16.41,4.08
2022-04-15,3,23.4,17.4,20.1,21.2,14.4,18.0,2022-04-15T05:41,2022-04-15T18:26,45902.20,41743.49,0.00,0.00,0.00,0.0,28.4,52.9,51,18.84,4.58
2022-04-16,53,20.8,12.1,16.9,16.5,9.1,13.0,2022-04-16T05:40,2022-04-16T18:26,45986.63,27609.00,1.80,1.80,0.00,6.0,29.0,55.8,44,14.32,4.24
2022-04-17,3,22.0,12.7,16.9,20.3,10.2,14.5,2022-04-17T05:39,2022-04-17T18:26,46070.93,33859.11,0.00,0.00,0.00,0.0,22.8,45.4,39,19.20,4.32
2022-04-18,55,24.6,16.0,18.6,25.7,14.8,17.8,2022-04-18T05:38,2022-04-18T18:27,46155.02,23924.82,1.40,1.40,0.00,4.0,17.3,34.6,51,15.43,3.52
2022-04-19,55,18.6,15.6,16.9,18.2,15.3,16.4,2022-04-19T05:37,2022-04-19T18:27,46238.86,2671.46,6.30,6.30,0.00,15.0,14.1,28.1,38,5.54,1.41
2022-04-20,61,19.0,14.2,16.6,17.8,13.2,15.7,2022-04-20T05:36,2022-04-20T18:28,46322.38,1242.98,7.00,7.00,0.00,10.0,13.1,27.4,19,8.04,2.00
2022-04-21,55,24.0,14.2,19.0,26.7,15.0,20.6,2022-04-21T05:35,2022-04-21T18:28,46405.52,39824.45,1.10,1.10,0.00,2.0,10.7,24.8,153,21.77,3.85
2022-04-22,61,28.7,17.8,22.8,32.0,19.8,25.6,2022-04-22T05:34,2022-04-22T18:29,46488.21,38712.82,2.50,2.50,0.00,2.0,15.9,32.0,183,20.98,4.17
2022-04-23,63,28.8,20.2,23.5,31.8,23.8,26.7,2022-04-23T05:33,2022-04-23T18:29,46570.39,24876.54,4.90,4.90,0.00,10.0,19.2,40.7,204,16.51,3.33
2022-04-24,51,30.0,20.1,24.3,35.2,23.4,28.3,2022-04-24T05:32,2022-04-24T18:30,46651.99,35994.08,0.30,0.30,0.00,1.0,14.3,29.5,142,21.18,4.25
2022-04-25,51,31.2,21.7,25.4,33.7,25.3,28.3,2022-04-25T05:32,2022-04-25T18:30,46732.95,32400.00,0.10,0.10,0.00,1.0,28.4,53.6,203,20.43,4.54
2022-04-26,3,30.8,23.5,26.4,32.1,26.6,28.9,2022-04-26T05:31,2022-04-26T18:31,46813.20,34662.18,0.00,0.00,0.00,0.0,31.3,60.8,208,20.54,4.77
2022-04-27,51,25.4,19.4,22.8,29.2,19.7,24.9,2022-04-27T05:30,2022-04-27T18:31,46892.66,8620.34,1.00,1.00,0.00,7.0,22.1,42.5,43,10.12,2.31
2022-04-28,3,28.8,19.3,23.4,31.3,19.6,25.4,2022-04-28T05:29,2022-04-28T18:32,46971.27,31387.29,0.00,0.00,0.00,0.0,16.8,36.7,104,18.18,3.88
2022-04-29,61,32.9,17.5,23.1,37.0,16.1,24.4,2022-04-29T05:28,2022-04-29T18:32,47048.95,25238.63,4.60,4.60,0.00,10.0,28.8,54.4,36,15.17,3.45
2022-04-30,51,22.1,16.8,18.8,21.0,15.1,17.2,2022-04-30T05:27,2022-04-30T18:33,47125.64,2365.37,0.20,0.20,0.00,1.0,21.9,41.8,40,10.99,2.90
2022-05-01,61,19.1,14.9,16.8,17.1,13.6,15.3,2022-05-01T05:27,2022-05-01T18:33,47201.26,1423.53,10.80,10.80,0.00,21.0,21.7,42.1,35,7.57,1.85
2022-05-02,61,18.1,14.0,15.6,16.2,12.2,14.2,2022-05-02T05:26,2022-05-02T18:34,47275.73,2692.60,9.40,9.40,0.00,16.0,19.4,35.6,26,5.95,1.47
2022-05-03,3,23.3,15.2,19.0,20.2,12.4,15.6,2022-05-03T05:25,2022-05-03T18:34,47348.99,36000.00,0.00,0.00,0.00,0.0,25.4,48.2,28,21.40,5.82
2022-05-04,3,24.8,18.8,21.0,23.1,15.5,18.6,2022-05-04T05:25,2022-05-04T18:35,47421.50,37598.24,0.00,0.00,0.00,0.0,25.4,49.3,28,19.90,5.55
2022-05-05,3,27.4,18.4,22.3,28.2,17.6,21.7,2022-05-05T05:24,2022-05-05T18:35,47493.50,43200.00,0.00,0.00,0.00,0.0,23.3,45.0,40,24.39,5.60
2022-05-06,3,28.5,18.1,22.4,30.9,19.1,23.7,2022-05-06T05:23,2022-05-06T18:36,47564.91,32400.00,0.00,0.00,0.00,0.0,18.0,37.4,64,21.38,4.47
2022-05-07,51,29.5,20.0,23.9,30.8,21.5,25.1,2022-05-07T05:23,2022-05-07T18:36,47635.68,29861.61,0.80,0.80,0.00,4.0,16.6,33.5,44,19.15,4.51
2022-05-08,53,24.9,19.8,21.7,26.1,20.8,22.9,2022-05-08T05:22,2022-05-08T18:37,47705.74,3600.85,7.10,7.10,0.00,17.0,20.9,40.7,40,10.77,2.48
2022-05-09,65,23.1,19.0,20.3,24.5,20.7,21.8,2022-05-09T05:21,2022-05-09T18:37,47775.04,1158.91,36.20,36.20,0.00,14.0,17.3,33.1,41,7.47,1.62
2022-05-10,61,26.4,19.6,22.0,29.1,20.5,23.7,2022-05-10T05:21,2022-05-10T18:38,47843.50,21600.00,3.20,3.20,0.00,6.0,15.3,31.3,52,15.01,3.12
2022-05-11,63,25.2,19.6,21.8,28.8,22.2,24.4,2022-05-11T05:20,2022-05-11T18:39,47911.07,26219.97,7.70,7.70,0.00,12.0,14.0,29.5,74,14.82,2.85
2022-05-12,63,25.4,19.8,21.5,27.9,20.7,23.4,2022-05-12T05:20,2022-05-12T18:39,47977.66,13981.44,17.90,17.90,0.00,14.0,18.0,35.3,54,11.92,2.29
2022-05-13,65,25.6,19.7,21.6,29.2,19.7,24.3,2022-05-13T05:19,2022-05-13T18:40,48043.22,8531.84,57.50,57.50,0.00,22.0,22.7,41.8,57,9.26,1.79
2022-05-14,63,19.5,16.2,17.8,19.6,14.6,16.6,2022-05-14T05:18,2022-05-14T18:40,48107.68,0.00,18.10,18.10,0.00,21.0,26.6,49.7,34,4.72,1.22
2022-05-15,61,16.4,14.1,15.6,15.2,12.0,13.6,2022-05-15T05:18,2022-05-15T18:41,48170.96,0.00,11.40,11.40,0.00,20.0,22.5,42.1,28,4.55,1.28
2022-05-16,61,17.1,13.3,14.8,14.7,11.1,12.7,2022-05-16T05:17,2022-05-16T18:41,48233.00,0.00,6.00,6.00,0.00,14.0,19.9,37.1,18,6.51,1.71
2022-05-17,1,23.4,12.5,18.0,22.5,10.4,16.2,2022-05-17T05:17,2022-05-17T18:42,48293.73,41958.95,0.00,0.00,0.00,0.0,20.7,39.6,32,27.20,5.44
2022-05-18,3,24.2,15.8,19.9,23.4,14.1,18.2,2022-05-18T05:16,2022-05-18T18:42,48353.07,43200.00,0.00,0.00,0.00,0.0,22.7,43.6,29,25.92,5.52
2022-05-19,3,26.4,19.3,22.6,27.7,18.4,22.9,2022-05-19T05:16,2022-05-19T18:43,48410.94,39600.00,0.00,0.00,0.00,0.0,24.0,45.7,31,21.68,4.60
2022-05-20,53,26.6,18.2,22.5,30.4,19.9,24.6,2022-05-20T05:16,2022-05-20T18:43,48467.27,38027.45,0.70,0.70,0.00,2.0,15.3,31.3,59,24.47,4.68
2022-05-21,63,23.3,19.1,21.1,24.6,19.9,22.1,2022-05-21T05:15,2022-05-21T18:44,48522.00,7402.54,5.80,5.80,0.00,7.0,17.4,33.1,42,9.99,2.20
2022-05-22,55,23.3,19.0,20.6,24.3,20.0,21.8,2022-05-22T05:15,2022-05-22T18:44,48575.04,8549.67,7.60,7.60,0.00,17.0,18.0,34.9,38,12.42,2.31
2022-05-23,55,21.2,18.9,20.0,23.8,20.6,22.1,2022-05-23T05:14,2022-05-23T18:45,48626.31,0.00,13.00,13.00,0.00,23.0,12.1,22.0,41,4.46,0.96
2022-05-24,63,22.5,19.3,20.5,25.0,21.0,22.8,2022-05-24T05:14,2022-05-24T18:45,48676.18,1272.92,29.50,29.50,0.00,20.0,11.7,24.5,49,8.10,1.57
2022-05-25,61,25.2,19.3,21.8,29.1,22.2,24.8,2022-05-25T05:14,2022-05-25T18:46,48724.82,18055.43,10.80,10.80,0.00,18.0,14.4,27.4,63,13.46,2.57
2022-05-26,63,24.6,20.2,21.9,27.8,21.1,24.2,2022-05-26T05:14,2022-05-26T18:46,48772.18,0.00,16.30,16.30,0.00,17.0,17.6,33.1,45,6.85,1.52
2022-05-27,61,22.9,20.0,21.2,25.1,21.5,23.2,2022-05-27T05:13,2022-05-27T18:47,48818.22,0.00,3.50,3.50,0.00,9.0,13.4,27.0,45,7.46,1.57
2022-05-28,55,27.4,20.7,23.9,31.2,23.7,27.4,2022-05-28T05:13,2022-05-28T18:47,48862.89,20224.09,3.80,3.80,0.00,12.0,21.6,42.1,213,15.43,2.92
2022-05-29,53,29.6,24.5,26.6,33.4,28.2,30.3,2022-05-29T05:13,2022-05-29T18:48,48906.14,32406.22,2.10,2.10,0.00,9.0,29.8,55.8,215,21.78,4.10
2022-05-30,65,30.3,24.3,26.6,35.3,28.5,31.2,2022-05-30T05:13,2022-05-30T18:48,48947.92,33826.74,13.60,13.60,0.00,7.0,22.5,43.2,212,20.68,4.05
2022-05-31,61,27.7,23.5,25.0,33.5,28.9,30.3,2022-05-31T05:12,2022-05-31T18:49,48988.19,25776.12,10.30,10.30,0.00,18.0,16.6,41.0,135,16.64,3.04
2022-06-01,61,29.3,24.3,26.1,34.1,28.1,30.4,2022-06-01T05:12,2022-06-01T18:49,49026.90,24338.73,8.20,8.20,0.00,21.0,21.2,43.9,216,15.88,3.02
2022-06-02,61,29.1,24.8,26.0,34.2,29.4,30.9,2022-06-02T05:12,2022-06-02T18:50,49064.00,10968.56,9.30,9.30,0.00,19.0,15.5,29.2,216,11.82,2.35
2022-06-03,63,28.8,24.9,25.9,33.8,29.4,30.5,2022-06-03T05:12,2022-06-03T18:50,49099.43,16438.39,8.80,8.80,0.00,16.0,19.6,43.2,213,13.11,2.46
2022-06-04,63,28.4,24.8,26.0,32.8,29.2,30.1,2022-06-04T05:12,2022-06-04T18:51,49133.17,14152.55,8.50,8.50,0.00,22.0,21.6,44.3,211,12.19,2.38
2022-06-05,61,29.6,25.5,27.2,33.3,29.3,30.8,2022-06-05T05:12,2022-06-05T18:51,49165.15,35993.52,4.10,4.10,0.00,16.0,31.2,60.5,212,21.50,4.06
2022-06-06,65,26.7,21.3,24.5,32.2,23.5,28.2,2022-06-06T05:12,2022-06-06T18:51,49195.34,0.00,48.60,48.60,0.00,21.0,23.4,42.5,215,4.63,1.10
2022-06-07,63,24.7,21.2,22.4,29.5,24.1,26.2,2022-06-07T05:12,2022-06-07T18:52,49223.67,3600.00,39.10,39.10,0.00,19.0,12.4,24.8,72,7.09,1.51
2022-06-08,63,22.5,19.8,21.2,26.1,20.2,23.0,2022-06-08T05:12,2022-06-08T18:52,49250.11,0.00,32.70,32.70,0.00,22.0,21.2,43.2,35,4.73,1.09
2022-06-09,63,22.8,20.2,21.5,25.7,22.1,24.0,2022-06-09T05:12,2022-06-09T18:53,49274.60,0.00,17.60,17.60,0.00,24.0,17.1,37.4,43,5.35,1.09
2022-06-10,63,26.8,21.6,24.2,30.2,24.8,27.8,2022-06-10T05:12,2022-06-10T18:53,49297.11,14117.23,28.10,28.10,0.00,24.0,24.0,51.8,209,11.40,2.11
2022-06-11,63,25.6,21.3,23.4,30.8,22.6,26.4,2022-06-11T05:12,2022-06-11T18:53,49317.59,141.34,33.70,33.70,0.00,23.0,21.0,41.8,54,8.41,1.59
2022-06-12,63,25.4,21.0,22.9,29.4,23.1,26.3,2022-06-12T05:12,2022-06-12T18:54,49335.98,1205.78,15.30,15.30,0.00,19.0,13.7,29.2,56,8.79,1.80
2022-06-13,63,25.9,23.6,25.1,30.0,27.0,28.9,2022-06-13T05:12,2022-06-13T18:54,49352.41,0.00,29.50,29.50,0.00,20.0,25.5,49.7,215,3.64,0.78
2022-06-14,65,26.6,21.8,24.5,31.5,24.2,28.4,2022-06-14T05:12,2022-06-14T18:54,49366.95,0.00,62.60,62.60,0.00,24.0,21.7,42.1,218,4.73,1.01
2022-06-15,63,27.9,21.8,24.2,34.0,25.2,28.8,2022-06-15T05:12,2022-06-15T18:55,49379.59,12379.11,28.30,28.30,0.00,19.0,12.2,23.8,209,11.38,2.30
2022-06-16,65,25.4,21.9,23.7,30.1,25.5,27.9,2022-06-16T05:12,2022-06-16T18:55,49390.34,0.00,44.70,44.70,0.00,22.0,12.5,28.4,230,6.12,1.33
2022-06-17,65,27.2,23.5,25.0,31.4,27.4,29.3,2022-06-17T05:12,2022-06-17T18:55,49399.20,10800.00,30.00,30.00,0.00,23.0,17.8,42.5,224,8.49,1.65
2022-06-18,61,27.2,24.5,25.6,31.6,28.5,30.0,2022-06-18T05:12,2022-06-18T18:56,49406.15,4401.35,9.60,9.60,0.00,21.0,22.9,43.6,220,8.41,1.66
2022-06-19,55,29.6,25.3,26.6,34.0,29.6,31.3,2022-06-19T05:12,2022-06-19T18:56,49411.21,18609.57,3.10,3.10,0.00,17.0,22.1,46.8,217,15.80,3.04
2022-06-20,63,29.9,25.2,26.9,34.0,29.6,31.4,2022-06-20T05:13,2022-06-20T18:56,49414.38,23206.28,5.70,5.70,0.00,14.0,30.1,57.6,217,18.26,3.53
2022-06-21,53,28.2,25.5,26.6,33.1,30.5,31.7,2022-06-21T05:13,2022-06-21T18:56,49415.65,8960.19,4.20,4.20,0.00,16.0,16.7,38.9,215,9.50,1.96
2022-06-22,51,31.0,25.4,27.8,36.5,30.9,33.0,2022-06-22T05:13,2022-06-22T18:57,49415.04,34098.64,0.40,0.40,0.00,4.0,22.4,44.3,215,21.26,4.25
2022-06-23,1,32.3,25.3,28.3,38.6,30.5,33.5,2022-06-23T05:13,2022-06-23T18:57,49412.55,43796.88,0.00,0.00,0.00,0.0,21.8,41.4,213,26.50,5.40
2022-06-24,1,31.9,24.4,28.1,37.3,29.2,32.9,2022-06-24T05:14,2022-06-24T18:57,49408.18,43423.37,0.00,0.00,0.00,0.0,24.0,45.4,211,26.35,5.41
2022-06-25,55,31.0,25.7,27.8,37.2,30.9,33.0,2022-06-25T05:14,2022-06-25T18:57,49401.93,34908.36,3.70,3.70,0.00,11.0,18.5,36.7,208,22.17,4.60
2022-06-26,51,31.0,25.2,27.9,36.2,31.1,33.3,2022-06-26T05:14,2022-06-26T18:57,49393.81,42124.46,0.60,0.60,0.00,5.0,18.4,36.7,204,23.57,4.86
2022-06-27,3,32.4,24.8,28.2,37.4,30.6,33.5,2022-06-27T05:15,2022-06-27T18:57,49383.84,44460.22,0.00,0.00,0.00,0.0,20.9,42.1,208,26.51,5.54
2022-06-28,2,33.2,25.2,28.9,37.8,30.8,33.9,2022-06-28T05:15,2022-06-28T18:58,49372.00,44248.50,0.00,0.00,0.00,0.0,23.6,46.1,218,26.65,5.86
2022-06-29,61,32.1,25.7,28.5,37.2,30.9,33.9,2022-06-29T05:15,2022-06-29T18:58,49358.32,43242.29,3.00,3.00,0.00,5.0,17.8,36.4,235,23.54,5.02
2022-06-30,61,33.0,25.4,28.2,39.9,29.5,32.9,2022-06-30T05:15,2022-06-30T18:58,49342.80,36668.45,2.50,2.50,0.00,5.0,24.0,45.4,37,20.62,4.72
2022-07-01,63,31.0,26.3,28.3,35.0,30.2,31.9,2022-07-01T05:16,2022-07-01T18:58,49325.45,42385.05,5.00,5.00,0.00,7.0,25.6,49.0,39,22.01,4.94
2022-07-02,65,30.3,24.4,26.5,36.6,29.1,32.3,2022-07-02T05:16,2022-07-02T18:58,49306.28,24331.57,26.00,26.00,0.00,18.0,11.9,27.0,24,14.82,3.05
2022-07-03,61,28.7,24.9,26.5,34.4,30.7,32.1,2022-07-03T05:16,2022-07-03T18:58,49285.11,10174.49,4.50,4.50,0.00,17.0,13.0,29.2,220,13.33,2.77
2022-07-04,63,30.2,25.5,27.2,35.9,30.4,31.9,2022-07-04T05:17,2022-07-04T18:58,49261.87,34995.41,14.70,14.70,0.00,20.0,21.5,47.2,214,19.53,3.80
2022-07-05,63,29.2,25.8,26.9,33.8,29.5,31.0,2022-07-05T05:17,2022-07-05T18:58,49236.63,32402.71,11.30,11.30,0.00,21.0,24.8,51.1,211,17.04,3.32
2022-07-06,53,29.8,25.8,27.3,34.4,29.8,31.5,2022-07-06T05:18,2022-07-06T18:58,49209.44,38407.31,1.90,1.90,0.00,13.0,24.4,46.8,214,19.96,3.94
2022-07-07,51,31.4,25.3,28.1,37.3,30.5,33.4,2022-07-07T05:18,2022-07-07T18:57,49180.34,44581.06,0.70,0.70,0.00,5.0,19.8,40.3,213,25.00,5.05
2022-07-08,0,32.8,25.0,29.0,39.3,30.8,34.6,2022-07-08T05:18,2022-07-08T18:57,49149.39,45020.33,0.00,0.00,0.00,0.0,19.9,38.2,217,26.79,5.75
2022-07-09,1,33.1,25.8,29.1,39.4,31.3,34.5,2022-07-09T05:19,2022-07-09T18:57,49116.63,45020.02,0.00,0.00,0.00,0.0,21.3,41.4,214,27.08,5.78
2022-07-10,1,33.5,26.2,29.3,40.3,31.3,34.9,2022-07-10T05:19,2022-07-10T18:57,49082.13,44950.41,0.00,0.00,0.00,0.0,20.3,39.2,212,27.06,5.79
2022-07-11,1,33.7,25.8,29.1,40.7,31.4,35.0,2022-07-11T05:20,2022-07-11T18:57,49045.94,44947.09,0.00,0.00,0.00,0.0,19.3,40.0,211,26.97,5.66
2022-07-12,3,33.6,25.0,28.7,40.7,30.5,34.5,2022-07-12T05:20,2022-07-12T18:57,49008.10,44943.45,0.00,0.00,0.00,0.0,19.6,39.2,212,27.11,5.70
2022-07-13,3,34.5,24.9,29.3,40.5,31.1,35.0,2022-07-13T05:21,2022-07-13T18:57,48968.67,45063.28,0.00,0.00,0.00,0.0,16.3,33.5,206,27.32,6.05
2022-07-14,2,32.9,25.3,29.1,39.6,31.0,34.9,2022-07-14T05:21,2022-07-14T18:56,48927.71,44441.48,0.00,0.00,0.00,0.0,18.5,35.3,184,25.74,5.60
2022-07-15,3,34.3,26.1,29.8,41.4,32.4,35.7,2022-07-15T05:22,2022-07-15T18:56,48885.26,40397.52,0.00,0.00,0.00,0.0,19.8,38.9,203,23.49,5.36
2022-07-16,3,34.9,27.1,30.3,41.5,33.4,36.3,2022-07-16T05:22,2022-07-16T18:56,48841.38,42933.21,0.00,0.00,0.00,0.0,26.0,50.0,201,24.24,5.63
2022-07-17,53,33.9,27.3,29.8,40.4,33.2,35.5,2022-07-17T05:22,2022-07-17T18:56,48796.11,38715.92,1.40,1.40,0.00,4.0,26.0,51.8,205,21.60,4.98
2022-07-18,61,32.7,27.8,29.4,37.5,32.0,34.1,2022-07-18T05:23,2022-07-18T18:55,48749.52,26731.88,2.90,2.90,0.00,8.0,26.3,52.9,212,17.09,4.17
2022-07-19,51,33.4,27.2,29.6,37.7,32.0,33.9,2022-07-19T05:23,2022-07-19T18:55,48701.64,40605.12,0.10,0.10,0.00,1.0,23.6,45.4,213,20.30,5.04
2022-07-20,3,34.0,26.6,29.8,38.5,32.4,34.8,2022-07-20T05:24,2022-07-20T18:55,48652.55,44541.17,0.00,0.00,0.00,0.0,24.8,47.2,214,24.22,5.64
2022-07-21,1,35.4,26.7,30.5,41.6,32.6,35.7,2022-07-21T05:24,2022-07-21T18:54,48602.27,44654.93,0.00,0.00,0.00,0.0,27.1,51.5,208,27.08,6.45
2022-07-22,0,36.9,26.6,31.0,43.6,32.3,36.7,2022-07-22T05:25,2022-07-22T18:54,48550.85,44530.65,0.00,0.00,0.00,0.0,18.2,37.8,198,26.73,6.45
2022-07-23,1,36.0,26.5,30.5,43.4,32.4,36.5,2022-07-23T05:25,2022-07-23T18:53,48497.92,44524.77,0.00,0.00,0.00,0.0,18.7,38.9,205,26.85,6.21
2022-07-24,1,36.2,26.8,30.6,42.8,33.1,36.9,2022-07-24T05:26,2022-07-24T18:53,48443.30,44402.37,0.00,0.00,0.00,0.0,17.7,36.7,203,26.45,6.07
2022-07-25,1,35.0,26.9,30.3,42.7,33.7,37.0,2022-07-25T05:26,2022-07-25T18:53,48387.09,43591.29,0.00,0.00,0.00,0.0,15.3,32.4,159,25.27,5.74
2022-07-26,3,35.0,26.7,30.1,40.8,32.7,35.1,2022-07-26T05:27,2022-07-26T18:52,48329.34,44276.46,0.00,0.00,0.00,0.0,18.2,37.4,200,26.56,6.31
2022-07-27,55,35.6,26.4,30.1,42.3,32.2,35.6,2022-07-27T05:27,2022-07-27T18:52,48270.13,42842.66,1.10,1.10,0.00,2.0,16.9,33.8,193,21.43,5.09
2022-07-28,3,33.9,25.5,29.6,40.2,32.1,35.5,2022-07-28T05:28,2022-07-28T18:51,48209.55,43200.00,0.00,0.00,0.00,0.0,16.4,33.5,141,23.94,5.41
2022-07-29,1,34.3,25.2,29.7,39.9,31.2,34.9,2022-07-29T05:28,2022-07-29T18:51,48147.66,43927.71,0.00,0.00,0.00,0.0,17.4,37.4,116,25.66,5.84
2022-07-30,63,34.9,26.9,29.7,41.2,32.0,35.3,2022-07-30T05:29,2022-07-30T18:50,48084.53,42368.56,10.20,10.20,0.00,5.0,14.8,36.7,88,21.51,4.81
2022-07-31,61,34.8,26.8,30.3,41.1,33.4,36.5,2022-07-31T05:29,2022-07-31T18:49,48020.25,43200.00,3.00,3.00,0.00,4.0,14.8,32.4,205,24.21,5.49
2022-08-01,51,35.4,27.0,30.3,42.7,33.6,37.1,2022-08-01T05:30,2022-08-01T18:49,47954.87,43200.00,0.20,0.20,0.00,2.0,14.6,34.2,203,24.88,5.56
2022-08-02,63,31.5,25.1,27.3,38.2,30.8,33.8,2022-08-02T05:30,2022-08-02T18:48,47888.47,15669.47,20.00,20.00,0.00,18.0,13.4,31.0,182,9.51,2.02
2022-08-03,51,31.0,24.9,27.9,36.7,30.7,33.7,2022-08-03T05:31,2022-08-03T18:48,47821.12,43600.77,0.90,0.90,0.00,6.0,13.9,31.0,152,23.04,4.79
2022-08-04,51,33.4,25.0,28.8,39.5,30.8,34.2,2022-08-04T05:31,2022-08-04T18:47,47752.89,43499.57,0.70,0.70,0.00,5.0,18.7,37.1,219,25.57,5.69
2022-08-05,1,34.3,25.7,29.5,39.8,31.0,34.5,2022-08-05T05:32,2022-08-05T18:46,47683.84,43600.73,0.00,0.00,0.00,0.0,19.3,38.2,217,25.40,5.85
2022-08-06,2,36.3,25.7,30.9,41.3,31.9,36.1,2022-08-06T05:32,2022-08-06T18:46,47614.05,43200.00,0.00,0.00,0.00,0.0,15.5,33.1,212,23.98,5.90
2022-08-07,63,33.2,25.8,28.8,39.8,32.4,35.1,2022-08-07T05:33,2022-08-07T18:45,47543.56,43503.43,13.00,13.00,0.00,13.0,12.1,34.9,45,21.29,4.57
2022-08-08,51,33.6,24.7,29.0,40.6,30.7,35.3,2022-08-08T05:33,2022-08-08T18:44,47472.45,43316.22,0.30,0.30,0.00,1.0,14.0,31.0,129,24.89,5.36
2022-08-09,53,34.8,25.4,29.7,41.1,31.9,35.9,2022-08-09T05:34,2022-08-09T18:43,47400.78,43320.58,2.20,2.20,0.00,8.0,13.8,32.4,136,24.57,5.48
2022-08-10,1,35.9,24.9,30.1,40.2,31.0,35.2,2022-08-10T05:34,2022-08-10T18:43,47328.61,43504.20,0.00,0.00,0.00,0.0,17.9,38.2,211,25.43,6.14
2022-08-11,0,37.2,25.7,30.6,41.9,31.6,35.3,2022-08-11T05:34,2022-08-11T18:42,47256.00,43328.48,0.00,0.00,0.00,0.0,21.1,42.8,211,24.99,6.31
2022-08-12,51,36.8,25.4,30.7,41.0,31.6,35.6,2022-08-12T05:35,2022-08-12T18:41,47182.47,43331.98,0.10,0.10,0.00,1.0,18.8,38.2,201,25.55,6.45
2022-08-13,51,36.0,26.4,30.7,40.9,32.5,35.6,2022-08-13T05:35,2022-08-13T18:40,47107.81,43335.12,0.10,0.10,0.00,1.0,17.7,36.7,193,24.16,6.06
2022-08-14,1,35.7,26.3,30.6,41.0,33.1,36.0,2022-08-14T05:36,2022-08-14T18:40,47032.09,43337.84,0.00,0.00,0.00,0.0,17.4,37.4,159,25.55,6.12
2022-08-15,51,36.2,26.1,30.8,41.2,32.1,36.1,2022-08-15T05:36,2022-08-15T18:39,46955.39,43200.00,0.50,0.50,0.00,3.0,16.7,37.8,148,23.87,5.81
2022-08-16,53,38.1,26.9,31.8,41.7,33.5,36.3,2022-08-16T05:37,2022-08-16T18:38,46877.77,43200.00,0.80,0.80,0.00,2.0,27.7,53.3,217,24.57,6.86
2022-08-17,1,37.4,27.6,31.7,41.6,32.9,36.0,2022-08-17T05:37,2022-08-17T18:37,46799.30,43188.66,0.00,0.00,0.00,0.0,22.1,46.1,202,25.28,6.73
2022-08-18,55,35.6,27.0,30.4,40.1,33.6,35.9,2022-08-18T05:38,2022-08-18T18:36,46720.06,42920.48,2.00,2.00,0.00,6.0,15.3,34.6,153,21.06,5.07
2022-08-19,51,34.6,27.1,30.4,38.0,32.3,34.5,2022-08-19T05:38,2022-08-19T18:35,46640.11,43140.61,1.20,1.20,0.00,8.0,25.0,49.7,209,24.21,6.25
2022-08-20,51,35.8,26.7,30.4,39.4,31.6,34.2,2022-08-20T05:38,2022-08-20T18:34,46559.52,43116.78,0.10,0.10,0.00,1.0,23.1,44.6,216,22.14,6.03
2022-08-21,1,37.7,26.2,31.3,42.7,31.4,36.0,2022-08-21T05:39,2022-08-21T18:33,46478.34,43093.09,0.00,0.00,0.00,0.0,18.8,40.3,201,24.08,6.30
2022-08-22,53,37.0,26.6,31.4,43.4,33.6,37.4,2022-08-22T05:39,2022-08-22T18:32,46396.66,43069.52,0.80,0.80,0.00,1.0,15.9,35.6,157,22.68,5.56
2022-08-23,1,36.3,27.2,31.1,42.1,33.6,36.8,2022-08-23T05:40,2022-08-23T18:31,46314.52,43046.06,0.00,0.00,0.00,0.0,19.7,40.7,99,25.02,6.16
2022-08-24,61,36.8,27.3,31.6,40.4,32.3,35.6,2022-08-24T05:40,2022-08-24T18:31,46231.99,43022.71,2.30,2.30,0.00,2.0,28.6,52.2,33,23.89,6.86
2022-08-25,51,34.5,27.1,29.9,38.6,32.3,34.5,2022-08-25T05:41,2022-08-25T18:30,46149.13,42999.46,0.40,0.40,0.00,4.0,21.2,43.2,215,23.52,5.86
2022-08-26,51,37.6,26.3,30.8,41.1,31.4,35.4,2022-08-26T05:41,2022-08-26T18:29,46066.01,42808.77,0.20,0.20,0.00,1.0,24.3,47.2,211,22.49,5.95
2022-08-27,63,34.9,26.6,30.3,41.3,32.0,36.8,2022-08-27T05:41,2022-08-27T18:28,45982.66,42953.25,3.40,3.40,0.00,2.0,15.8,37.1,94,21.02,4.89
2022-08-28,51,33.2,26.9,29.1,37.5,32.4,34.2,2022-08-28T05:42,2022-08-28T18:27,45899.18,39220.62,0.80,0.80,0.00,6.0,19.3,40.3,55,17.34,4.20
2022-08-29,55,34.5,25.7,29.4,40.2,31.7,34.8,2022-08-29T05:42,2022-08-29T18:26,45815.60,42907.33,2.30,2.30,0.00,7.0,16.5,34.6,59,19.70,4.58
2022-08-30,51,35.0,26.0,30.1,40.7,31.6,35.3,2022-08-30T05:43,2022-08-30T18:25,45731.98,42884.47,0.60,0.60,0.00,3.0,18.4,38.5,64,22.95,5.54
2022-08-31,51,35.9,25.7,30.1,39.7,31.1,34.2,2022-08-31T05:43,2022-08-31T18:24,45648.36,42861.65,0.30,0.30,0.00,3.0,21.8,43.2,48,22.67,5.98
2022-09-01,55,34.7,25.3,28.8,37.0,29.0,31.6,2022-09-01T05:43,2022-09-01T18:23,45564.28,42838.97,3.20,3.20,0.00,7.0,28.0,52.9,42,20.63,5.73
2022-09-02,3,36.2,25.5,30.2,36.8,27.5,31.8,2022-09-02T05:44,2022-09-02T18:22,45479.49,31075.93,0.00,0.00,0.00,0.0,24.0,44.6,29,17.53,6.08
2022-09-03,51,37.2,28.1,31.3,38.8,29.8,33.4,2022-09-03T05:44,2022-09-03T18:21,45394.05,37232.36,0.30,0.30,0.00,2.0,26.3,51.5,4,19.50,6.66
2022-09-04,3,37.2,27.9,31.6,40.0,28.7,33.6,2022-09-04T05:45,2022-09-04T18:20,45308.03,39172.13,0.00,0.00,0.00,0.0,23.0,41.4,313,19.88,6.78
2022-09-05,3,36.4,27.1,31.0,39.4,30.3,33.8,2022-09-05T05:45,2022-09-05T18:19,45221.50,42532.74,0.00,0.00,0.00,0.0,23.9,47.9,211,19.85,5.90
2022-09-06,51,32.7,26.5,28.9,32.7,28.3,30.8,2022-09-06T05:45,2022-09-06T18:17,45134.49,38679.23,0.60,0.60,0.00,3.0,29.5,56.5,54,18.95,5.72
2022-09-07,65,29.7,25.6,27.0,32.5,28.6,29.9,2022-09-07T05:46,2022-09-07T18:16,45047.08,17574.87,27.30,27.30,0.00,5.0,18.8,38.5,35,9.01,2.98
2022-09-08,1,34.7,24.4,28.6,33.9,26.2,29.0,2022-09-08T05:46,2022-09-08T18:15,44959.33,42276.42,0.00,0.00,0.00,0.0,25.6,50.4,43,24.38,7.35
2022-09-09,1,33.7,24.5,28.1,35.2,25.9,29.4,2022-09-09T05:46,2022-09-09T18:14,44871.29,42190.11,0.00,0.00,0.00,0.0,26.1,51.1,51,23.49,6.59
2022-09-10,3,32.9,24.5,27.7,34.0,27.0,29.1,2022-09-10T05:47,2022-09-10T18:13,44783.02,38244.52,0.00,0.00,0.00,0.0,27.7,53.3,49,16.75,5.16
2022-09-11,1,34.2,24.0,28.5,35.6,25.7,29.6,2022-09-11T05:47,2022-09-11T18:12,44694.56,42016.51,0.00,0.00,0.00,0.0,26.7,51.8,43,23.72,6.94
2022-09-12,51,37.0,24.1,29.9,37.8,27.3,31.9,2022-09-12T05:48,2022-09-12T18:11,44605.99,41024.96,0.70,0.70,0.00,3.0,25.9,50.8,35,20.65,6.11
2022-09-13,55,36.2,24.6,29.1,39.5,28.4,32.4,2022-09-13T05:48,2022-09-13T18:10,44517.35,40568.65,2.10,2.10,0.00,4.0,17.1,34.9,14,19.82,4.89
2022-09-14,51,36.3,24.7,29.3,39.7,28.5,32.7,2022-09-14T05:48,2022-09-14T18:09,44428.70,41754.45,1.00,1.00,0.00,6.0,18.1,35.6,233,19.71,5.01
2022-09-15,51,35.3,25.6,29.5,38.7,28.2,32.3,2022-09-15T05:49,2022-09-15T18:08,44340.09,41666.87,0.80,0.80,0.00,3.0,14.3,33.8,33,20.13,5.18
2022-09-16,61,33.2,24.4,28.0,36.4,27.3,31.7,2022-09-16T05:49,2022-09-16T18:07,44251.58,40766.14,2.00,2.00,0.00,4.0,15.3,36.0,74,18.53,4.38
2022-09-17,61,32.8,24.0,27.9,36.8,28.6,32.2,2022-09-17T05:49,2022-09-17T18:05,44163.22,41171.19,3.10,3.10,0.00,5.0,15.3,35.3,114,18.38,4.06
2022-09-18,51,32.9,23.9,28.2,37.3,27.0,32.2,2022-09-18T05:50,2022-09-18T18:04,44075.06,39413.73,0.80,0.80,0.00,6.0,16.9,35.3,175,19.23,4.50
2022-09-19,61,32.2,24.6,28.4,36.2,28.8,32.3,2022-09-19T05:50,2022-09-19T18:03,43987.15,40701.09,2.50,2.50,0.00,5.0,14.9,34.6,79,17.96,4.34
2022-09-20,3,31.5,24.8,27.2,30.1,24.3,27.7,2022-09-20T05:51,2022-09-20T18:02,43899.55,41229.56,0.00,0.00,0.00,0.0,27.1,53.6,56,22.69,6.42
2022-09-21,3,31.6,23.4,26.8,31.0,24.3,27.0,2022-09-21T05:51,2022-09-21T18:01,43811.74,41034.10,0.00,0.00,0.00,0.0,24.9,47.5,50,23.03,6.56
2022-09-22,3,32.2,23.7,26.9,33.1,25.8,28.5,2022-09-22T05:51,2022-09-22T18:00,43723.49,41053.25,0.00,0.00,0.00,0.0,20.2,41.4,52,16.34,4.64
2022-09-23,51,29.1,23.9,26.2,30.1,25.1,27.5,2022-09-23T05:52,2022-09-23T17:59,43634.85,17284.59,0.80,0.80,0.00,3.0,23.5,45.0,46,10.26,3.73
2022-09-24,51,29.4,23.6,25.6,26.7,23.1,24.6,2022-09-24T05:52,2022-09-24T17:58,43545.89,38211.34,0.10,0.10,0.00,1.0,30.5,59.4,41,20.33,6.28
2022-09-25,2,31.1,22.7,26.1,31.1,22.7,25.9,2022-09-25T05:53,2022-09-25T17:57,43456.66,40502.94,0.00,0.00,0.00,0.0,24.8,49.0,40,20.96,6.11
2022-09-26,3,31.0,23.9,26.6,31.4,23.8,26.9,2022-09-26T05:53,2022-09-26T17:56,43367.22,29782.54,0.00,0.00,0.00,0.0,28.0,53.6,34,14.86,5.03
2022-09-27,3,31.2,24.7,27.0,31.8,26.2,28.4,2022-09-27T05:53,2022-09-27T17:55,43277.63,36578.48,0.00,0.00,0.00,0.0,30.0,56.2,37,16.24,4.75
2022-09-28,3,33.1,24.5,27.8,34.4,27.5,30.0,2022-09-28T05:54,2022-09-28T17:54,43187.95,38314.27,0.00,0.00,0.00,0.0,23.5,47.2,45,18.50,5.11
2022-09-29,1,33.6,24.9,28.2,36.1,28.6,31.0,2022-09-29T05:54,2022-09-29T17:52,43098.23,39573.46,0.00,0.00,0.00,0.0,24.6,47.2,53,18.90,5.01
2022-09-30,2,34.2,24.4,28.3,37.5,28.2,31.6,2022-09-30T05:55,2022-09-30T17:51,43008.54,39617.97,0.00,0.00,0.00,0.0,24.6,49.0,56,21.25,5.22
2022-10-01,0,34.3,24.0,28.4,37.4,28.1,31.9,2022-10-01T05:55,2022-10-01T17:50,42918.93,39474.54,0.00,0.00,0.00,0.0,23.8,47.2,53,20.35,5.17
2022-10-02,0,34.7,24.8,28.9,39.0,29.3,33.0,2022-10-02T05:55,2022-10-02T17:49,42829.46,39226.23,0.00,0.00,0.00,0.0,18.9,41.4,67,20.78,4.98
2022-10-03,1,35.2,24.8,29.0,38.7,29.5,32.6,2022-10-03T05:56,2022-10-03T17:48,42740.20,39303.11,0.00,0.00,0.00,0.0,27.1,53.3,49,20.58,5.29
2022-10-04,0,34.6,23.4,28.6,38.6,28.2,32.4,2022-10-04T05:56,2022-10-04T17:47,42651.18,39064.20,0.00,0.00,0.00,0.0,20.4,39.2,60,20.60,5.25
2022-10-05,51,28.7,24.0,26.0,29.8,25.1,27.1,2022-10-05T05:57,2022-10-05T17:46,42562.49,17787.07,1.10,1.10,0.00,5.0,30.3,58.7,40,10.13,3.40
2022-10-06,51,28.9,23.8,25.6,29.1,25.0,26.5,2022-10-06T05:57,2022-10-06T17:45,42474.17,25231.16,0.30,0.30,0.00,3.0,25.6,48.6,38,11.33,3.70
2022-10-07,51,28.6,22.7,25.0,29.0,22.2,25.7,2022-10-07T05:58,2022-10-07T17:44,42386.29,31547.18,0.30,0.30,0.00,3.0,28.6,56.2,36,13.83,3.93
2022-10-08,3,28.7,21.6,24.1,28.3,20.4,23.4,2022-10-08T05:58,2022-10-08T17:43,42298.91,36808.60,0.00,0.00,0.00,0.0,28.5,53.3,34,15.84,4.76
2022-10-09,51,32.8,21.7,25.5,32.5,22.6,26.0,2022-10-09T05:58,2022-10-09T17:42,42212.09,37340.09,0.60,0.60,0.00,2.0,25.1,46.8,35,17.45,4.89
2022-10-10,51,25.8,20.5,22.1,23.4,17.4,20.3,2022-10-10T05:59,2022-10-10T17:41,42125.88,27710.34,0.20,0.20,0.00,2.0,27.5,51.8,39,12.56,4.51
2022-10-11,2,22.7,17.7,20.2,18.4,13.2,16.0,2022-10-11T05:59,2022-10-11T17:40,42039.73,38407.66,0.00,0.00,0.00,0.0,32.6,62.6,33,18.41,5.98
2022-10-12,3,24.8,18.6,21.5,20.6,15.4,18.2,2022-10-12T06:00,2022-10-12T17:39,41953.38,31203.89,0.00,0.00,0.00,0.0,35.6,67.0,31,13.67,5.19
2022-10-13,3,27.9,20.0,23.3,25.6,17.1,20.9,2022-10-13T06:00,2022-10-13T17:38,41866.90,36696.62,0.00,0.00,0.00,0.0,29.3,55.4,33,16.41,5.62
2022-10-14,3,29.0,20.3,23.7,27.8,18.7,22.4,2022-10-14T06:01,2022-10-14T17:37,41780.35,36828.47,0.00,0.00,0.00,0.0,25.7,50.8,33,16.19,5.04
2022-10-15,63,29.1,21.3,24.1,27.6,21.3,23.3,2022-10-15T06:01,2022-10-15T17:36,41693.80,26254.25,12.60,12.60,0.00,4.0,29.3,56.2,32,13.68,4.55
2022-10-16,53,26.5,22.6,24.0,25.6,21.3,23.1,2022-10-16T06:02,2022-10-16T17:35,41607.31,4716.65,2.20,2.20,0.00,9.0,32.4,60.8,27,7.66,3.40
2022-10-17,51,25.0,20.8,22.7,22.7,17.6,20.5,2022-10-17T06:02,2022-10-17T17:34,41520.96,13017.10,0.10,0.10,0.00,1.0,32.2,59.4,33,10.11,4.26
2022-10-18,51,20.6,17.4,18.7,17.0,12.9,14.3,2022-10-18T06:03,2022-10-18T17:33,41434.82,0.00,0.10,0.10,0.00,1.0,33.0,59.8,33,4.99,4.13
2022-10-19,3,21.5,17.1,19.4,17.2,12.8,15.4,2022-10-19T06:03,2022-10-19T17:33,41348.94,11066.53,0.00,0.00,0.00,0.0,39.0,71.3,33,9.23,4.28
2022-10-20,3,25.1,18.0,21.1,21.6,15.3,18.3,2022-10-20T06:04,2022-10-20T17:32,41263.41,36107.23,0.00,0.00,0.00,0.0,31.9,65.9,31,16.29,4.95
2022-10-21,3,28.5,18.7,23.2,27.5,16.9,21.9,2022-10-21T06:04,2022-10-21T17:31,41178.30,37450.98,0.00,0.00,0.00,0.0,24.0,47.5,27,19.34,5.47
2022-10-22,55,30.4,21.6,25.2,29.1,22.5,24.6,2022-10-22T06:05,2022-10-22T17:30,41093.68,15125.46,1.30,1.30,0.00,3.0,24.7,46.4,33,9.57,4.42
2022-10-23,2,27.1,21.2,23.2,25.0,20.2,22.3,2022-10-23T06:05,2022-10-23T17:29,41009.61,25200.00,0.00,0.00,0.00,0.0,28.1,54.0,41,12.58,4.14
2022-10-24,2,23.5,19.2,20.9,19.8,16.6,17.9,2022-10-24T06:06,2022-10-24T17:28,40926.18,37082.28,0.00,0.00,0.00,0.0,33.3,63.0,39,16.04,4.79
2022-10-25,3,23.3,18.4,20.2,19.6,15.7,17.3,2022-10-25T06:07,2022-10-25T17:27,40843.46,32461.46,0.00,0.00,0.00,0.0,33.7,62.3,32,12.08,4.20
2022-10-26,2,26.9,17.8,21.7,25.2,15.5,19.9,2022-10-26T06:07,2022-10-26T17:27,40761.53,36845.74,0.00,0.00,0.00,0.0,24.2,47.2,30,17.81,4.97
2022-10-27,3,29.2,20.1,23.3,28.1,19.2,22.4,2022-10-27T06:08,2022-10-27T17:26,40680.47,36959.39,0.00,0.00,0.00,0.0,25.6,49.7,33,16.91,4.89
2022-10-28,3,26.4,20.8,22.6,24.3,18.8,20.9,2022-10-28T06:08,2022-10-28T17:25,40600.35,27202.76,0.00,0.00,0.00,0.0,31.1,61.2,30,13.01,4.29
2022-10-29,3,26.2,20.2,22.3,23.1,17.2,19.7,2022-10-29T06:09,2022-10-29T17:24,40521.25,32400.00,0.00,0.00,0.00,0.0,36.6,69.1,33,15.47,4.96
2022-10-30,3,27.5,19.8,22.5,23.7,16.6,19.3,2022-10-30T06:10,2022-10-30T17:24,40443.25,32609.77,0.00,0.00,0.00,0.0,40.0,74.2,29,15.05,5.49
2022-10-31,53,22.5,18.4,20.6,19.3,16.5,17.9,2022-10-31T06:10,2022-10-31T17:23,40365.75,0.00,2.30,2.30,0.00,7.0,33.2,63.4,27,4.97,3.36
2022-11-01,63,23.6,16.3,19.2,18.7,13.1,15.9,2022-11-01T06:11,2022-11-01T17:22,40288.48,10052.32,13.40,13.40,0.00,13.0,41.3,80.3,29,8.18,3.22
2022-11-02,53,20.0,16.2,18.0,17.8,12.7,15.3,2022-11-02T06:11,2022-11-02T17:22,40211.51,0.00,2.20,2.20,0.00,7.0,31.9,58.3,28,4.70,2.27
2022-11-03,51,25.9,18.0,21.4,25.7,16.3,21.0,2022-11-03T06:12,2022-11-03T17:21,40134.92,28874.38,0.10,0.10,0.00,1.0,21.7,41.0,32,13.31,3.41
2022-11-04,61,20.7,17.8,19.2,20.6,15.8,17.2,2022-11-04T06:13,2022-11-04T17:20,40058.79,448.18,7.10,7.10,0.00,9.0,27.1,50.4,36,5.34,2.40
2022-11-05,3,21.1,16.7,18.3,18.0,13.3,15.3,2022-11-05T06:13,2022-11-05T17:20,39983.18,25485.92,0.00,0.00,0.00,0.0,28.4,54.7,33,11.56,3.52
2022-11-06,51,21.4,16.6,18.7,19.0,14.2,16.5,2022-11-06T06:14,2022-11-06T17:19,39908.20,26062.95,0.30,0.30,0.00,1.0,26.7,53.3,30,11.71,3.27
2022-11-07,55,23.0,17.2,19.6,21.6,15.6,18.4,2022-11-07T06:15,2022-11-07T17:19,39833.91,7882.74,3.00,3.00,0.00,7.0,20.7,42.1,26,6.23,2.36
2022-11-08,51,24.0,19.0,20.8,22.3,17.9,19.5,2022-11-08T06:15,2022-11-08T17:18,39760.40,16424.14,0.80,0.80,0.00,4.0,23.7,45.4,30,8.99,3.08
2022-11-09,61,25.9,19.3,22.1,25.8,18.2,21.6,2022-11-09T06:16,2022-11-09T17:17,39687.76,14844.84,4.30,4.30,0.00,5.0,21.4,41.0,24,7.97,2.93
2022-11-10,3,27.2,22.1,23.8,28.0,22.6,24.8,2022-11-10T06:17,2022-11-10T17:17,39616.07,32017.77,0.00,0.00,0.00,0.0,20.7,39.2,33,12.10,3.21
2022-11-11,51,28.9,21.8,24.2,30.0,23.1,25.4,2022-11-11T06:17,2022-11-11T17:16,39545.41,35585.72,0.20,0.20,0.00,2.0,21.7,41.8,37,12.91,3.29
2022-11-12,3,29.3,21.3,24.3,32.0,24.6,27.1,2022-11-12T06:18,2022-11-12T17:16,39475.89,34011.76,0.00,0.00,0.00,0.0,16.7,34.9,61,14.94,3.18
2022-11-13,3,27.4,18.4,22.3,30.5,20.7,24.1,2022-11-13T06:19,2022-11-13T17:16,39407.58,34778.59,0.00,0.00,0.00,0.0,24.3,47.9,53,14.89,3.15
2022-11-14,3,26.3,19.4,21.8,26.0,18.8,21.5,2022-11-14T06:19,2022-11-14T17:15,39340.57,35497.95,0.00,0.00,0.00,0.0,21.4,42.8,40,13.79,3.43
2022-11-15,51,22.8,18.2,20.4,23.8,17.4,20.7,2022-11-15T06:20,2022-11-15T17:15,39274.97,2138.05,0.60,0.60,0.00,5.0,19.4,36.4,38,4.89,1.56
2022-11-16,63,21.0,16.7,18.4,20.3,15.9,18.1,2022-11-16T06:21,2022-11-16T17:14,39210.86,15041.16,10.40,10.40,0.00,14.0,19.1,37.8,28,7.42,1.60
2022-11-17,3,26.7,16.6,21.0,29.5,18.2,22.7,2022-11-17T06:21,2022-11-17T17:14,39148.33,34477.87,0.00,0.00,0.00,0.0,14.7,30.2,67,13.19,2.57
2022-11-18,3,27.0,19.2,21.9,27.1,20.2,22.2,2022-11-18T06:22,2022-11-18T17:14,39087.49,35402.63,0.00,0.00,0.00,0.0,22.1,42.1,41,14.92,3.41
2022-11-19,3,27.7,19.1,22.1,29.4,21.0,23.2,2022-11-19T06:23,2022-11-19T17:13,39028.41,35383.07,0.00,0.00,0.00,0.0,19.2,37.1,48,13.39,2.98
2022-11-20,3,27.2,19.3,21.9,27.3,19.6,22.2,2022-11-20T06:24,2022-11-20T17:13,38970.58,28754.36,0.00,0.00,0.00,0.0,23.0,43.2,39,12.07,3.03
2022-11-21,3,26.0,19.1,21.5,25.5,18.5,21.1,2022-11-21T06:24,2022-11-21T17:13,38913.74,22210.33,0.00,0.00,0.00,0.0,20.9,41.8,32,10.00,2.99
2022-11-22,61,25.2,19.9,21.6,26.6,20.0,23.4,2022-11-22T06:25,2022-11-22T17:13,38857.94,8141.63,6.50,6.50,0.00,10.0,14.8,29.2,31,6.34,1.63
2022-11-23,61,22.8,18.5,20.0,23.0,17.0,20.6,2022-11-23T06:26,2022-11-23T17:13,38803.27,8994.82,3.30,3.30,0.00,7.0,23.1,43.2,47,6.90,1.80
2022-11-24,63,22.4,17.8,19.6,21.7,17.3,19.1,2022-11-24T06:26,2022-11-24T17:12,38749.78,12907.78,7.20,7.20,0.00,9.0,21.1,43.2,31,7.73,2.09
2022-11-25,63,19.6,17.6,18.4,21.9,17.7,19.9,2022-11-25T06:27,2022-11-25T17:12,38697.55,0.00,32.00,32.00,0.00,22.0,15.5,29.2,25,2.06,0.53
2022-11-26,53,24.8,16.9,20.0,25.7,18.9,21.1,2022-11-26T06:28,2022-11-26T17:12,38646.67,31097.24,1.20,1.20,0.00,4.0,20.1,38.9,46,11.72,2.39
2022-11-27,55,24.3,18.0,20.3,26.8,18.2,21.6,2022-11-27T06:29,2022-11-27T17:12,38597.19,27117.29,2.60,2.60,0.00,9.0,16.6,29.5,41,10.01,1.99
2022-11-28,51,26.9,17.7,22.2,29.0,19.9,24.9,2022-11-28T06:29,2022-11-28T17:12,38549.19,31677.92,0.10,0.10,0.00,1.0,17.1,34.9,211,13.16,2.58
2022-11-29,3,29.7,20.4,23.8,32.5,18.6,26.0,2022-11-29T06:30,2022-11-29T17:12,38502.75,35273.84,0.00,0.00,0.00,0.0,27.9,49.7,19,14.30,3.24
2022-11-30,51,19.4,12.0,14.9,17.0,7.6,10.7,2022-11-30T06:31,2022-11-30T17:12,38457.95,0.00,0.30,0.30,0.00,3.0,33.0,61.6,35,3.60,2.15
2022-12-01,3,14.7,11.3,12.6,10.5,7.0,8.5,2022-12-01T06:32,2022-12-01T17:12,38414.84,7014.77,0.00,0.00,0.00,0.0,26.7,51.1,25,6.65,2.18
2022-12-02,53,14.5,11.8,12.7,12.5,8.0,9.6,2022-12-02T06:32,2022-12-02T17:12,38373.51,133.96,0.80,0.80,0.00,2.0,22.1,42.5,25,4.31,1.56
2022-12-03,3,22.9,14.5,18.1,22.2,12.9,17.2,2022-12-03T06:33,2022-12-03T17:12,38334.05,29233.87,0.00,0.00,0.00,0.0,18.1,37.1,30,12.59,2.69
2022-12-04,3,19.7,16.1,18.3,18.6,13.6,17.1,2022-12-04T06:34,2022-12-04T17:12,38296.51,1567.89,0.00,0.00,0.00,0.0,21.3,40.3,34,5.28,1.93
2022-12-05,51,17.4,13.8,15.6,14.8,10.2,12.9,2022-12-05T06:34,2022-12-05T17:12,38260.98,845.31,0.30,0.30,0.00,1.0,23.0,43.2,36,5.04,2.11
2022-12-06,3,15.8,12.0,13.9,11.9,7.6,10.1,2022-12-06T06:35,2022-12-06T17:12,38227.54,1935.98,0.00,0.00,0.00,0.0,26.1,48.6,28,6.20,2.42
2022-12-07,3,19.7,14.1,16.1,16.9,11.3,13.2,2022-12-07T06:36,2022-12-07T17:13,38196.25,26951.47,0.00,0.00,0.00,0.0,23.3,46.1,27,10.41,2.74
2022-12-08,2,20.4,13.7,16.5,18.2,11.2,14.2,2022-12-08T06:36,2022-12-08T17:13,38167.20,33361.09,0.00,0.00,0.00,0.0,21.6,38.9,30,10.03,2.58
2022-12-09,2,23.5,14.1,17.7,21.5,12.8,16.0,2022-12-09T06:37,2022-12-09T17:13,38140.46,35182.29,0.00,0.00,0.00,0.0,24.6,46.1,27,13.53,3.11
2022-12-10,53,21.2,16.0,17.7,18.9,14.1,15.6,2022-12-10T06:38,2022-12-10T17:13,38115.76,14400.00,1.60,1.60,0.00,6.0,21.5,39.6,24,6.83,2.54
2022-12-11,51,18.2,12.9,15.5,14.9,8.4,11.9,2022-12-11T06:38,2022-12-11T17:13,38092.95,31522.65,0.70,0.70,0.00,6.0,28.0,54.7,39,10.66,3.02
2022-12-12,51,19.5,12.0,14.9,16.0,7.9,11.2,2022-12-12T06:39,2022-12-12T17:14,38072.05,23888.78,0.10,0.10,0.00,1.0,22.7,46.4,30,9.00,3.16
2022-12-13,53,14.1,10.4,12.2,9.6,6.7,8.0,2022-12-13T06:40,2022-12-13T17:14,38053.09,221.51,4.30,4.30,0.00,11.0,26.2,49.0,31,3.39,2.06
2022-12-14,55,10.5,8.1,9.2,6.7,3.2,4.6,2022-12-14T06:40,2022-12-14T17:14,38036.08,0.00,8.00,8.00,0.00,20.0,27.4,49.3,23,2.26,1.28
2022-12-15,55,12.4,7.9,10.2,9.7,3.5,6.8,2022-12-15T06:41,2022-12-15T17:15,38021.03,0.00,5.40,5.40,0.00,17.0,23.0,42.8,22,2.98,1.08
2022-12-16,61,15.8,12.4,13.8,13.9,9.9,11.6,2022-12-16T06:41,2022-12-16T17:15,38007.97,990.59,7.40,7.40,0.00,22.0,19.6,37.8,23,3.89,1.08
2022-12-17,53,14.9,7.7,12.0,11.1,3.2,8.8,2022-12-17T06:42,2022-12-17T17:15,37996.90,9511.40,2.50,2.50,0.00,6.0,20.9,40.3,16,5.62,1.75
2022-12-18,0,10.4,3.4,6.7,5.3,-1.5,1.6,2022-12-18T06:43,2022-12-18T17:16,37987.85,35015.41,0.00,0.00,0.00,0.0,21.0,39.6,24,15.35,2.89
2022-12-19,0,13.4,5.6,8.9,9.4,1.0,4.5,2022-12-19T06:43,2022-12-19T17:16,37980.83,35007.71,0.00,0.00,0.00,0.0,21.6,42.5,18,14.89,2.65
2022-12-20,2,19.4,9.0,13.6,16.6,4.7,10.5,2022-12-20T06:44,2022-12-20T17:17,37975.85,35002.25,0.00,0.00,0.00,0.0,22.2,43.2,14,14.33,3.01
2022-12-21,2,20.0,10.0,14.7,17.6,7.0,11.9,2022-12-21T06:44,2022-12-21T17:17,37972.93,34999.04,0.00,0.00,0.00,0.0,20.6,38.9,341,14.80,3.34
2022-12-22,0,18.8,5.3,11.5,16.7,2.2,8.6,2022-12-22T06:45,2022-12-22T17:18,37972.08,34998.09,0.00,0.00,0.00,0.0,12.1,26.3,36,15.49,2.86
2022-12-23,0,14.4,8.7,10.5,10.1,4.4,6.2,2022-12-23T06:45,2022-12-23T17:18,37973.31,34999.42,0.00,0.00,0.00,0.0,26.6,51.1,39,14.91,3.07
2022-12-24,0,15.4,6.4,10.2,11.6,2.6,6.1,2022-12-24T06:46,2022-12-24T17:19,37976.63,35003.04,0.00,0.00,0.00,0.0,23.0,42.8,38,15.18,3.06
2022-12-25,1,14.5,7.3,10.0,10.6,3.5,5.8,2022-12-25T06:46,2022-12-25T17:19,37982.06,35008.96,0.00,0.00,0.00,0.0,22.1,42.5,39,15.33,3.02
2022-12-26,1,14.5,6.8,10.0,10.7,2.8,6.0,2022-12-26T06:47,2022-12-26T17:20,37989.59,35017.20,0.00,0.00,0.00,0.0,21.4,40.7,31,14.68,2.73
2022-12-27,2,15.9,8.5,11.3,11.7,3.9,6.9,2022-12-27T06:47,2022-12-27T17:21,37999.25,35027.75,0.00,0.00,0.00,0.0,24.0,47.2,27,14.16,3.08
2022-12-28,3,16.0,10.2,12.4,11.8,5.8,8.2,2022-12-28T06:47,2022-12-28T17:21,38011.04,14297.03,0.00,0.00,0.00,0.0,25.4,46.8,28,7.93,2.60
2022-12-29,3,15.7,9.8,12.2,11.1,5.1,7.7,2022-12-29T06:48,2022-12-29T17:22,38024.96,15563.97,0.00,0.00,0.00,0.0,23.8,46.1,30,8.31,2.71
2022-12-30,3,16.0,9.9,12.3,11.3,5.4,7.9,2022-12-30T06:48,2022-12-30T17:22,38041.17,31861.26,0.00,0.00,0.00,0.0,26.4,51.5,33,11.91,2.93
2022-12-31,3,15.1,9.0,11.8,9.7,4.5,6.8,2022-12-31T06:48,2022-12-31T17:23,38059.70,23414.48,0.00,0.00,0.00,0.0,26.4,50.8,29,9.54,3.03
2023-01-01,3,17.4,12.0,14.1,13.1,6.6,9.7,2023-01-01T06:49,2023-01-01T17:23,38080.50,18782.85,0.00,0.00,0.00,0.0,25.9,49.3,25,8.59,3.17
2023-01-02,3,17.4,12.3,14.4,13.3,8.5,10.7,2023-01-02T06:49,2023-01-02T17:24,38103.50,15739.83,0.00,0.00,0.00,0.0,26.7,51.5,28,7.59,2.57
2023-01-03,51,13.2,10.1,11.6,9.2,6.0,7.6,2023-01-03T06:49,2023-01-03T17:25,38128.66,0.00,0.10,0.10,0.00,1.0,24.1,44.6,34,3.27,1.74
2023-01-04,3,16.7,9.2,12.3,12.1,4.5,8.2,2023-01-04T06:49,2023-01-04T17:25,38155.91,23964.57,0.00,0.00,0.00,0.0,26.0,51.1,29,10.31,2.70
2023-01-05,1,20.7,11.9,15.3,17.8,8.9,12.4,2023-01-05T06:50,2023-01-05T17:26,38185.20,35116.36,0.00,0.00,0.00,0.0,20.7,41.0,30,14.23,3.22
2023-01-06,1,23.1,10.6,15.8,20.9,9.3,13.9,2023-01-06T06:50,2023-01-06T17:27,38216.47,35106.29,0.00,0.00,0.00,0.0,18.7,36.0,39,13.53,3.00
2023-01-07,1,19.8,11.5,14.8,15.0,8.0,11.3,2023-01-07T06:50,2023-01-07T17:28,38249.66,35097.57,0.00,0.00,0.00,0.0,24.5,48.2,34,15.58,3.62
2023-01-08,3,21.1,11.1,15.5,18.4,7.6,12.8,2023-01-08T06:50,2023-01-08T17:28,38284.71,26473.00,0.00,0.00,0.00,0.0,17.8,37.4,20,13.09,3.25
2023-01-09,61,19.3,15.3,16.7,19.8,14.1,16.6,2023-01-09T06:50,2023-01-09T17:29,38321.57,2593.25,6.90,6.90,0.00,16.0,11.2,20.9,24,4.27,1.12
2023-01-10,51,16.6,13.1,14.7,14.5,9.7,11.8,2023-01-10T06:50,2023-01-10T17:30,38360.17,4439.30,0.40,0.40,0.00,2.0,24.1,47.2,32,4.05,1.68
2023-01-11,51,18.1,13.7,15.7,16.2,10.8,13.7,2023-01-11T06:50,2023-01-11T17:31,38400.46,4562.36,0.20,0.20,0.00,2.0,17.6,36.4,31,4.49,1.74
2023-01-12,55,22.1,15.1,17.7,23.4,15.7,18.8,2023-01-12T06:51,2023-01-12T17:31,38442.38,8713.76,4.20,4.20,0.00,8.0,8.4,17.6,187,6.48,1.32
2023-01-13,63,20.0,14.9,17.7,22.3,15.8,19.7,2023-01-13T06:51,2023-01-13T17:32,38485.87,8099.27,13.30,13.30,0.00,9.0,6.8,20.5,226,4.22,0.82
2023-01-14,51,25.9,15.2,20.4,27.0,11.9,22.1,2023-01-14T06:51,2023-01-14T17:33,38530.87,34489.48,1.70,1.70,0.00,9.0,30.5,56.5,209,11.83,2.23
2023-01-15,55,14.6,8.9,11.5,11.2,4.9,7.7,2023-01-15T06:51,2023-01-15T17:34,38577.33,3459.34,4.00,4.00,0.00,9.0,28.2,53.6,43,5.11,1.37
2023-01-16,51,10.8,7.2,8.7,6.2,2.7,4.2,2023-01-16T06:50,2023-01-16T17:34,38625.18,28113.43,0.20,0.20,0.00,2.0,21.6,41.8,40,8.63,2.01
2023-01-17,3,16.1,6.1,10.1,13.2,2.3,6.3,2023-01-17T06:50,2023-01-17T17:35,38674.38,33221.19,0.00,0.00,0.00,0.0,20.6,38.5,40,11.59,2.44
2023-01-18,3,15.2,8.1,10.3,11.9,4.4,6.6,2023-01-18T06:50,2023-01-18T17:36,38724.87,31691.23,0.00,0.00,0.00,0.0,24.9,45.7,38,11.81,2.34
2023-01-19,2,16.4,7.3,10.8,13.5,3.7,7.2,2023-01-19T06:50,2023-01-19T17:37,38777.13,35111.77,0.00,0.00,0.00,0.0,20.8,39.6,34,14.30,2.65
2023-01-20,51,15.5,9.6,11.5,10.0,4.5,6.7,2023-01-20T06:50,2023-01-20T17:37,38831.37,3600.00,0.60,0.60,0.00,2.0,26.2,49.0,31,5.23,2.78
2023-01-21,53,14.4,8.5,11.1,11.0,4.5,7.7,2023-01-21T06:50,2023-01-21T17:38,38887.50,5414.46,3.70,3.70,0.00,17.0,23.7,43.2,22,4.72,1.48
2023-01-22,51,16.3,11.9,13.6,16.8,10.1,13.3,2023-01-22T06:50,2023-01-22T17:39,38945.40,20064.65,1.50,1.50,0.00,8.0,13.3,23.0,36,6.94,1.15
2023-01-23,3,18.4,12.2,14.5,16.0,8.5,11.9,2023-01-23T06:49,2023-01-23T17:40,39004.98,23624.90,0.00,0.00,0.00,0.0,22.2,42.5,43,10.43,2.34
2023-01-24,51,14.2,6.6,10.7,10.3,0.3,6.2,2023-01-24T06:49,2023-01-24T17:40,39066.17,22850.29,0.20,0.20,0.00,2.0,30.9,58.3,46,9.78,2.42
2023-01-25,3,7.9,3.6,5.7,2.4,-3.4,-0.1,2023-01-25T06:49,2023-01-25T17:41,39128.86,25627.36,0.00,0.00,0.00,0.0,30.3,56.9,37,12.04,2.35
2023-01-26,2,16.4,4.6,10.5,15.2,2.1,8.2,2023-01-26T06:49,2023-01-26T17:42,39192.95,35228.22,0.00,0.00,0.00,0.0,14.5,32.8,51,15.07,2.43
2023-01-27,3,17.2,7.6,11.3,13.2,3.2,7.2,2023-01-27T06:48,2023-01-27T17:43,39258.36,32719.35,0.00,0.00,0.00,0.0,28.7,55.4,41,15.39,3.19
2023-01-28,1,10.8,4.5,7.2,5.9,-0.9,1.8,2023-01-28T06:48,2023-01-28T17:43,39325.00,35871.77,0.00,0.00,0.00,0.0,26.3,49.7,41,17.64,3.37
2023-01-29,1,14.4,4.0,8.4,10.6,-0.6,3.9,2023-01-29T06:47,2023-01-29T17:44,39392.79,35998.26,0.00,0.00,0.00,0.0,20.7,39.2,31,17.85,3.25
2023-01-30,0,16.3,5.7,10.0,12.3,1.5,5.8,2023-01-30T06:47,2023-01-30T17:45,39461.63,36129.66,0.00,0.00,0.00,0.0,19.8,38.5,37,18.04,3.60
2023-01-31,0,21.5,5.0,12.5,20.4,1.3,10.2,2023-01-31T06:47,2023-01-31T17:46,39531.43,36166.52,0.00,0.00,0.00,0.0,12.3,27.4,23,17.89,3.27
2023-02-01,51,21.7,11.0,15.4,21.7,9.9,14.7,2023-02-01T06:46,2023-02-01T17:46,39602.12,21813.14,0.40,0.40,0.00,3.0,15.3,29.5,103,10.48,1.99
2023-02-02,3,17.0,9.6,12.7,15.6,5.3,8.3,2023-02-02T06:46,2023-02-02T17:47,39673.62,32302.50,0.00,0.00,0.00,0.0,26.6,53.6,41,13.81,3.21
2023-02-03,3,18.4,8.7,12.1,15.6,5.2,8.5,2023-02-03T06:45,2023-02-03T17:48,39745.83,35123.61,0.00,0.00,0.00,0.0,26.7,51.5,38,15.84,3.06
2023-02-04,51,12.8,10.3,11.3,9.5,6.9,8.0,2023-02-04T06:45,2023-02-04T17:49,39818.67,1567.65,3.00,3.00,0.00,14.0,22.7,40.0,30,5.62,1.46
2023-02-05,63,15.3,10.0,12.3,12.9,6.8,10.1,2023-02-05T06:44,2023-02-05T17:49,39892.08,4783.46,17.70,17.70,0.00,19.0,20.3,40.3,33,5.83,1.11
2023-02-06,63,19.3,11.8,14.2,20.2,11.1,14.3,2023-02-06T06:44,2023-02-06T17:50,39965.97,25937.77,12.60,12.60,0.00,9.0,12.5,27.4,93,12.81,2.04
2023-02-07,3,19.4,13.1,15.1,18.1,10.2,13.4,2023-02-07T06:43,2023-02-07T17:51,40040.27,25202.81,0.00,0.00,0.00,0.0,20.7,38.5,46,11.30,2.15
2023-02-08,51,15.2,11.6,12.9,12.0,8.1,9.6,2023-02-08T06:43,2023-02-08T17:51,40115.59,913.12,0.40,0.40,0.00,3.0,21.9,41.0,33,6.21,1.84
2023-02-09,55,19.2,11.4,14.4,20.0,7.9,13.7,2023-02-09T06:42,2023-02-09T17:52,40192.21,18051.29,3.70,3.70,0.00,12.0,20.9,39.2,45,8.56,1.63
2023-02-10,61,16.2,11.0,13.2,15.6,8.1,12.0,2023-02-10T06:41,2023-02-10T17:53,40270.04,0.00,11.80,11.80,0.00,14.0,21.9,40.3,42,3.61,0.67
2023-02-11,51,19.1,11.0,14.2,20.2,8.0,13.4,2023-02-11T06:41,2023-02-11T17:53,40348.99,12952.01,0.30,0.30,0.00,3.0,19.5,34.6,43,8.11,1.52
2023-02-12,51,22.4,13.4,17.3,23.3,12.3,18.0,2023-02-12T06:40,2023-02-12T17:54,40428.97,11219.92,0.70,0.70,0.00,4.0,13.4,27.4,185,8.00,1.56
2023-02-13,61,25.2,11.6,16.8,28.9,8.0,16.6,2023-02-13T06:39,2023-02-13T17:55,40509.89,25021.70,4.70,4.70,0.00,11.0,27.5,53.3,37,12.97,2.31
2023-02-14,61,13.4,9.6,10.9,9.2,5.2,6.9,2023-02-14T06:39,2023-02-14T17:55,40591.68,23164.68,3.40,3.40,0.00,5.0,25.4,48.6,42,10.57,2.00
2023-02-15,3,14.0,8.1,10.2,9.6,4.0,5.8,2023-02-15T06:38,2023-02-15T17:56,40674.23,21234.53,0.00,0.00,0.00,0.0,24.4,45.4,40,12.17,2.52
2023-02-16,3,13.5,8.1,10.2,9.8,3.3,5.7,2023-02-16T06:37,2023-02-16T17:57,40757.49,36897.50,0.00,0.00,0.00,0.0,26.5,51.1,34,16.22,2.97
2023-02-17,3,19.0,7.7,12.7,17.4,5.1,10.7,2023-02-17T06:36,2023-02-17T17:57,40841.36,28391.47,0.00,0.00,0.00,0.0,16.2,29.9,37,13.50,2.44
2023-02-18,1,22.1,9.2,15.2,23.4,8.0,15.0,2023-02-18T06:36,2023-02-18T17:58,40925.76,38122.35,0.00,0.00,0.00,0.0,11.3,24.8,62,18.69,3.16
2023-02-19,3,19.9,12.1,15.0,18.3,8.5,12.7,2023-02-19T06:35,2023-02-19T17:58,41010.61,37873.10,0.00,0.00,0.00,0.0,29.8,56.2,43,18.75,3.25
2023-02-20,3,15.2,9.3,11.6,11.0,3.2,6.9,2023-02-20T06:34,2023-02-20T17:59,41095.84,24347.36,0.00,0.00,0.00,0.0,28.2,52.9,37,12.93,2.89
2023-02-21,3,12.5,7.6,9.5,6.6,1.9,3.3,2023-02-21T06:33,2023-02-21T18:00,41181.37,34436.63,0.00,0.00,0.00,0.0,39.5,73.8,35,16.85,3.28
2023-02-22,3,16.8,6.5,11.1,13.5,1.0,6.7,2023-02-22T06:32,2023-02-22T18:00,41267.13,37664.19,0.00,0.00,0.00,0.0,24.3,44.3,31,18.24,3.46
2023-02-23,3,18.0,10.3,13.4,15.1,7.2,10.1,2023-02-23T06:32,2023-02-23T18:01,41353.04,18941.28,0.00,0.00,0.00,0.0,22.7,41.4,42,10.47,2.73
2023-02-24,3,17.6,10.2,12.8,14.0,5.7,9.0,2023-02-24T06:31,2023-02-24T18:01,41439.02,38160.64,0.00,0.00,0.00,0.0,31.4,59.4,46,17.55,3.24
2023-02-25,3,14.5,9.3,11.3,9.2,3.7,6.0,2023-02-25T06:30,2023-02-25T18:02,41525.01,38396.62,0.00,0.00,0.00,0.0,31.8,61.2,41,19.50,3.84
2023-02-26,3,11.5,7.0,8.9,5.7,1.0,3.2,2023-02-26T06:29,2023-02-26T18:03,41610.93,38432.65,0.00,0.00,0.00,0.0,30.9,60.1,40,20.75,3.44
2023-02-27,3,16.5,7.0,11.5,12.6,1.9,6.9,2023-02-27T06:28,2023-02-27T18:03,41696.72,38468.18,0.00,0.00,0.00,0.0,26.1,51.1,28,20.05,3.93
2023-02-28,3,22.1,12.1,16.2,20.2,8.6,13.7,2023-02-28T06:27,2023-02-28T18:04,41782.97,34903.17,0.00,0.00,0.00,0.0,20.5,39.6,42,17.28,3.83
2023-03-01,2,23.8,9.5,15.5,24.1,8.8,14.5,2023-03-01T06:26,2023-03-01T18:04,41869.97,37902.34,0.00,0.00,0.00,0.0,18.8,38.5,64,17.99,3.35
2023-03-02,2,17.2,10.2,13.6,11.1,6.0,8.6,2023-03-02T06:25,2023-03-02T18:05,41957.63,38571.54,0.00,0.00,0.00,0.0,30.6,59.8,42,19.55,4.61
2023-03-03,2,18.3,8.4,12.6,15.4,4.1,8.6,2023-03-03T06:25,2023-03-03T18:05,42045.90,38604.97,0.00,0.00,0.00,0.0,24.1,46.4,40,20.59,4.18
2023-03-04,2,21.7,11.8,15.5,19.8,8.9,12.2,2023-03-04T06:24,2023-03-04T18:06,42134.70,35261.58,0.00,0.00,0.00,0.0,23.4,45.7,53,16.99,4.18
2023-03-05,0,21.9,10.2,15.1,17.9,6.9,10.9,2023-03-05T06:23,2023-03-05T18:06,42223.98,38670.40,0.00,0.00,0.00,0.0,24.5,47.5,50,21.65,5.35
2023-03-06,0,23.2,9.2,15.8,19.3,5.4,11.7,2023-03-06T06:22,2023-03-06T18:07,42313.65,38766.22,0.00,0.00,0.00,0.0,21.6,43.2,51,22.01,5.49
2023-03-07,0,24.2,11.1,16.9,22.2,8.7,14.6,2023-03-07T06:21,2023-03-07T18:07,42403.66,38791.36,0.00,0.00,0.00,0.0,22.5,43.9,47,21.37,4.66
2023-03-08,0,24.2,9.8,17.3,23.5,8.6,16.2,2023-03-08T06:20,2023-03-08T18:08,42493.95,38815.15,0.00,0.00,0.00,0.0,16.2,35.6,107,20.94,3.99
2023-03-09,2,25.8,14.1,18.1,25.9,13.3,17.2,2023-03-09T06:19,2023-03-09T18:08,42584.44,27996.23,0.00,0.00,0.00,0.0,22.2,44.6,74,15.77,3.44
2023-03-10,0,25.3,13.5,18.9,22.4,12.1,16.8,2023-03-10T06:18,2023-03-10T18:09,42675.07,39035.49,0.00,0.00,0.00,0.0,23.8,47.2,49,22.01,5.14
2023-03-11,1,25.3,16.3,20.0,24.0,14.4,18.3,2023-03-11T06:17,2023-03-11T18:09,42765.78,38970.30,0.00,0.00,0.00,0.0,23.9,46.1,47,20.47,4.86
2023-03-12,3,27.4,14.2,19.1,26.5,10.1,17.5,2023-03-12T06:16,2023-03-12T18:10,42856.50,22291.81,0.00,0.00,0.00,0.0,28.6,53.6,42,12.59,3.53
2023-03-13,3,16.9,10.6,13.7,11.9,7.2,9.0,2023-03-13T06:15,2023-03-13T18:10,42947.17,32388.49,0.00,0.00,0.00,0.0,28.8,56.2,47,19.16,4.36
2023-03-14,2,21.0,8.7,14.4,19.2,5.8,11.9,2023-03-14T06:14,2023-03-14T18:11,43037.74,39332.04,0.00,0.00,0.00,0.0,17.9,37.8,55,22.04,4.22
2023-03-15,3,23.7,8.8,16.5,23.7,8.1,15.9,2023-03-15T06:12,2023-03-15T18:11,43128.13,39256.44,0.00,0.00,0.00,0.0,15.1,33.8,96,21.38,4.01
2023-03-16,3,23.6,13.5,17.3,21.8,11.9,15.2,2023-03-16T06:11,2023-03-16T18:12,43218.28,33137.26,0.00,0.00,0.00,0.0,25.8,50.8,42,16.86,3.65
2023-03-17,3,24.2,14.8,18.3,24.1,12.9,18.0,2023-03-17T06:10,2023-03-17T18:12,43308.13,31577.68,0.00,0.00,0.00,0.0,17.8,41.4,84,17.60,3.45
2023-03-18,3,19.4,13.4,15.9,16.6,10.2,13.3,2023-03-18T06:09,2023-03-18T18:13,43397.62,18586.15,0.00,0.00,0.00,0.0,24.4,47.9,46,12.08,2.80
2023-03-19,3,20.1,13.0,15.2,18.2,10.4,12.7,2023-03-19T06:08,2023-03-19T18:13,43486.69,25710.00,0.00,0.00,0.00,0.0,22.7,44.6,45,13.83,3.03
2023-03-20,53,24.0,11.7,17.7,24.6,11.6,17.8,2023-03-20T06:07,2023-03-20T18:14,43575.88,39476.86,1.00,1.00,0.00,2.0,15.9,35.6,113,20.99,3.82
2023-03-21,2,27.4,14.6,20.5,27.3,15.2,20.8,2023-03-21T06:06,2023-03-21T18:14,43665.46,32629.39,0.00,0.00,0.00,0.0,24.9,49.0,211,16.24,3.60
2023-03-22,51,26.3,19.2,22.1,26.6,20.4,23.2,2023-03-22T06:05,2023-03-22T18:15,43755.38,32368.17,0.30,0.30,0.00,1.0,27.3,52.9,205,16.33,3.30
2023-03-23,63,24.3,17.5,20.9,25.7,18.2,22.7,2023-03-23T06:04,2023-03-23T18:15,43845.56,29.64,10.90,10.90,0.00,12.0,20.5,39.2,198,5.84,1.19
2023-03-24,63,19.3,13.6,16.4,19.4,10.6,15.4,2023-03-24T06:03,2023-03-24T18:15,43935.95,1918.99,11.10,11.10,0.00,12.0,25.1,44.6,51,7.54,1.54
2023-03-25,63,15.1,11.6,13.0,13.1,8.8,11.0,2023-03-25T06:02,2023-03-25T18:16,44026.50,0.00,35.70,35.70,0.00,22.0,22.6,45.7,39,4.87,0.88
2023-03-26,61,15.2,12.1,13.1,12.6,9.4,10.6,2023-03-26T06:01,2023-03-26T18:16,44117.15,95.75,4.30,4.30,0.00,12.0,22.0,44.3,39,5.95,1.36
2023-03-27,61,16.3,10.4,12.6,12.5,6.6,9.2,2023-03-27T06:00,2023-03-27T18:17,44207.84,9217.46,4.70,4.70,0.00,6.0,22.9,44.3,31,7.88,2.12
2023-03-28,3,17.0,10.0,13.2,14.1,6.3,10.0,2023-03-28T05:59,2023-03-28T18:17,44298.51,21996.54,0.00,0.00,0.00,0.0,20.9,40.3,33,11.97,2.63
2023-03-29,61,16.0,12.5,13.9,15.7,9.9,12.3,2023-03-29T05:58,2023-03-29T18:18,44389.10,0.00,12.10,12.10,0.00,14.0,15.6,28.4,29,3.78,1.12
2023-03-30,51,20.4,11.9,15.5,20.3,11.5,14.6,2023-03-30T05:57,2023-03-30T18:18,44479.56,31306.93,0.20,0.20,0.00,2.0,20.2,39.6,50,13.92,2.33
2023-03-31,53,20.8,13.7,16.3,20.4,12.7,15.2,2023-03-31T05:56,2023-03-31T18:19,44569.81,24965.33,2.00,2.00,0.00,6.0,19.5,37.1,49,14.62,2.66
2023-04-01,63,20.8,14.1,16.4,22.2,14.1,16.5,2023-04-01T05:55,2023-04-01T18:19,44659.82,20907.55,6.30,6.30,0.00,3.0,11.8,24.1,54,12.10,2.17
2023-04-02,2,22.7,12.3,17.2,23.9,12.1,16.6,2023-04-02T05:54,2023-04-02T18:19,44749.51,37718.59,0.00,0.00,0.00,0.0,19.2,36.7,54,20.22,3.76
2023-04-03,3,22.5,14.3,18.3,23.2,12.6,17.3,2023-04-03T05:53,2023-04-03T18:20,44838.82,42064.46,0.00,0.00,0.00,0.0,18.1,35.6,43,22.24,4.24
2023-04-04,51,25.9,14.4,20.3,26.3,15.2,21.1,2023-04-04T05:52,2023-04-04T18:20,44927.69,36242.48,0.10,0.10,0.00,1.0,25.8,50.0,217,17.82,3.53
2023-04-05,61,21.5,19.7,20.4,24.9,21.2,23.1,2023-04-05T05:51,2023-04-05T18:21,45016.06,0.00,15.70,15.70,0.00,20.0,13.9,26.3,231,3.33,0.76
2023-04-06,61,19.8,16.4,18.1,22.5,15.6,18.7,2023-04-06T05:50,2023-04-06T18:21,45103.87,0.00,9.50,9.50,0.00,13.0,21.4,38.2,57,5.91,1.26
2023-04-07,51,17.9,14.3,15.6,15.2,11.8,13.4,2023-04-07T05:49,2023-04-07T18:22,45191.05,19995.65,0.30,0.30,0.00,3.0,22.7,42.1,50,11.07,2.25
2023-04-08,2,18.4,13.5,15.5,15.4,10.5,12.1,2023-04-08T05:48,2023-04-08T18:22,45277.54,38971.87,0.00,0.00,0.00,0.0,29.0,55.1,38,22.76,4.39
2023-04-09,0,20.6,12.3,15.7,19.6,9.3,13.4,2023-04-09T05:47,2023-04-09T18:23,45363.86,42629.35,0.00,0.00,0.00,0.0,21.0,40.7,33,24.28,4.48
2023-04-10,0,22.2,11.4,17.1,24.6,10.6,17.6,2023-04-10T05:46,2023-04-10T18:23,45450.27,42686.81,0.00,0.00,0.00,0.0,14.8,31.7,89,23.66,4.00
2023-04-11,2,26.2,14.2,20.1,28.7,14.6,21.5,2023-04-11T05:45,2023-04-11T18:24,45536.69,39569.34,0.00,0.00,0.00,0.0,16.5,34.9,205,22.35,4.17
2023-04-12,51,22.1,17.0,19.2,21.7,13.4,18.4,2023-04-12T05:44,2023-04-12T18:24,45623.08,3390.71,0.10,0.10,0.00,1.0,26.0,48.2,42,9.42,2.56
2023-04-13,3,24.0,16.8,20.0,24.5,13.3,18.8,2023-04-13T05:43,2023-04-13T18:24,45709.38,13843.51,0.00,0.00,0.00,0.0,18.0,36.0,44,11.90,3.57
2023-04-14,51,28.1,16.1,22.2,30.8,17.6,24.4,2023-04-14T05:42,2023-04-14T18:25,45795.51,42764.52,0.10,0.10,0.00,1.0,18.8,38.5,208,22.99,4.47
2023-04-15,65,26.5,18.4,22.0,31.6,20.6,25.1,2023-04-15T05:41,2023-04-15T18:25,45881.44,38029.67,19.10,19.10,0.00,6.0,17.9,39.2,96,17.41,3.15
2023-04-16,1,27.5,17.0,22.0,31.5,18.3,24.3,2023-04-16T05:40,2023-04-16T18:26,45967.09,43027.42,0.00,0.00,0.00,0.0,13.7,29.9,192,24.13,4.59
2023-04-17,1,31.0,17.1,23.6,32.7,18.2,25.5,2023-04-17T05:39,2023-04-17T18:26,46052.39,43082.86,0.00,0.00,0.00,0.0,18.4,35.3,205,25.00,5.37
2023-04-18,61,28.0,20.2,23.2,31.0,23.5,26.3,2023-04-18T05:38,2023-04-18T18:27,46137.30,15769.22,6.70,6.70,0.00,13.0,19.5,47.9,212,12.41,2.60
2023-04-19,63,27.6,20.6,22.7,30.6,22.9,25.2,2023-04-19T05:37,2023-04-19T18:27,46221.73,9232.09,14.40,14.40,0.00,21.0,25.4,52.6,209,9.78,1.89
2023-04-20,51,24.4,19.7,21.5,26.3,21.7,23.5,2023-04-20T05:36,2023-04-20T18:28,46305.64,40353.00,0.50,0.50,0.00,2.0,18.2,36.7,67,16.19,2.92
2023-04-21,3,22.8,20.0,20.9,22.5,19.9,21.2,2023-04-21T05:35,2023-04-21T18:28,46388.95,25843.27,0.00,0.00,0.00,0.0,22.5,42.8,49,14.34,2.99
2023-04-22,3,22.2,17.2,19.4,21.3,16.7,18.6,2023-04-22T05:34,2023-04-22T18:29,46471.60,24010.69,0.00,0.00,0.00,0.0,19.3,37.8,47,15.59,3.43
2023-04-23,2,25.0,16.3,19.7,27.7,16.2,20.0,2023-04-23T05:33,2023-04-23T18:29,46553.51,42740.22,0.00,0.00,0.00,0.0,21.3,42.8,52,21.78,4.01
2023-04-24,3,23.6,17.1,19.4,24.1,17.2,19.2,2023-04-24T05:33,2023-04-24T18:30,46634.62,39434.43,0.00,0.00,0.00,0.0,22.2,42.1,51,16.23,3.22
2023-04-25,51,21.6,16.7,18.4,23.0,16.2,18.5,2023-04-25T05:32,2023-04-25T18:30,46714.85,8506.88,0.50,0.50,0.00,2.0,16.5,30.2,54,9.78,2.14
2023-04-26,53,20.1,16.9,18.0,18.1,15.2,16.9,2023-04-26T05:31,2023-04-26T18:31,46794.14,4038.17,1.20,1.20,0.00,5.0,22.5,42.5,43,9.29,2.30
2023-04-27,3,22.9,15.3,18.6,23.2,14.0,17.8,2023-04-27T05:30,2023-04-27T18:31,46872.41,43200.00,0.00,0.00,0.00,0.0,20.1,40.0,40,20.03,3.91
2023-04-28,63,24.6,14.8,19.7,28.1,15.4,21.6,2023-04-28T05:29,2023-04-28T18:32,46949.59,40454.47,4.60,4.60,0.00,2.0,11.3,27.4,86,21.99,3.97
2023-04-29,63,29.5,18.0,22.7,34.1,19.1,25.3,2023-04-29T05:28,2023-04-29T18:32,47026.18,29760.84,12.10,12.10,0.00,7.0,23.1,41.4,270,18.82,3.76
2023-04-30,65,20.8,16.2,17.9,19.6,14.7,16.6,2023-04-30T05:28,2023-04-30T18:33,47102.39,17202.67,24.20,24.20,0.00,5.0,21.9,40.0,44,13.05,2.75
2023-05-01,1,24.5,15.0,19.4,23.6,14.3,17.5,2023-05-01T05:27,2023-05-01T18:33,47178.18,43200.00,0.00,0.00,0.00,0.0,23.9,45.7,37,25.50,5.58
2023-05-02,3,26.4,17.1,21.3,27.9,15.1,21.3,2023-05-02T05:26,2023-05-02T18:34,47253.48,34121.06,0.00,0.00,0.00,0.0,18.2,36.4,31,17.96,4.11
2023-05-03,1,28.8,17.3,23.2,33.7,19.2,26.0,2023-05-03T05:26,2023-05-03T18:34,47328.23,43200.00,0.00,0.00,0.00,0.0,14.2,30.2,180,23.40,4.69
2023-05-04,2,30.3,20.5,25.5,31.5,23.1,27.6,2023-05-04T05:25,2023-05-04T18:35,47402.37,43200.00,0.00,0.00,0.00,0.0,29.7,56.5,213,21.59,4.89
2023-05-05,63,29.3,23.1,25.5,31.9,25.6,28.4,2023-05-05T05:24,2023-05-05T18:35,47475.82,31163.67,5.20,5.20,0.00,13.0,28.8,55.4,212,18.65,3.62
2023-05-06,65,28.9,22.6,24.5,32.2,26.1,28.0,2023-05-06T05:23,2023-05-06T18:36,47548.52,25200.00,29.90,29.90,0.00,18.0,26.4,49.7,206,16.48,3.27
2023-05-07,63,25.3,19.5,22.3,30.5,20.4,24.4,2023-05-07T05:23,2023-05-07T18:36,47620.40,14463.36,17.50,17.50,0.00,13.0,23.0,45.0,68,11.02,2.04
2023-05-08,51,23.2,18.5,20.3,22.4,17.4,19.6,2023-05-08T05:22,2023-05-08T18:37,47691.41,32400.00,0.20,0.20,0.00,1.0,25.0,47.2,45,16.92,3.58
2023-05-09,3,22.1,16.2,18.9,20.7,15.0,17.1,2023-05-09T05:21,2023-05-09T18:37,47761.46,27140.92,0.00,0.00,0.00,0.0,24.5,47.2,40,17.57,3.99
2023-05-10,2,23.9,15.2,19.3,24.3,13.2,18.3,2023-05-10T05:21,2023-05-10T18:38,47830.49,43200.00,0.00,0.00,0.00,0.0,18.7,36.7,41,26.20,5.19
2023-05-11,51,25.4,18.2,21.0,27.1,18.0,20.9,2023-05-11T05:20,2023-05-11T18:38,47898.42,31139.26,0.10,0.10,0.00,1.0,17.8,34.9,42,18.20,4.17
2023-05-12,3,25.2,18.0,21.5,27.7,18.6,22.7,2023-05-12T05:20,2023-05-12T18:39,47965.18,26619.11,0.00,0.00,0.00,0.0,11.4,25.9,71,16.85,3.50
2023-05-13,3,26.5,19.2,22.2,29.6,21.0,24.3,2023-05-13T05:19,2023-05-13T18:39,48030.71,25936.68,0.00,0.00,0.00,0.0,16.6,34.2,101,16.39,3.32
2023-05-14,51,24.2,19.3,21.6,26.2,21.9,24.0,2023-05-14T05:19,2023-05-14T18:40,48094.91,0.00,0.50,0.50,0.00,3.0,5.4,14.0,60,5.96,1.47
2023-05-15,3,28.5,19.9,23.3,31.9,22.5,26.0,2023-05-15T05:18,2023-05-15T18:41,48157.72,28034.79,0.00,0.00,0.00,0.0,15.0,32.4,131,19.91,4.09
2023-05-16,51,29.1,18.7,23.6,31.4,20.7,25.5,2023-05-16T05:18,2023-05-16T18:41,48219.06,31979.13,0.20,0.20,0.00,1.0,12.9,28.8,96,17.91,3.95
2023-05-17,55,30.6,20.6,25.1,32.9,22.9,27.7,2023-05-17T05:17,2023-05-17T18:42,48278.85,25497.21,4.10,4.10,0.00,11.0,26.6,52.6,210,16.80,3.78
2023-05-18,63,30.5,24.3,26.5,34.3,27.9,30.6,2023-05-18T05:17,2023-05-18T18:42,48337.02,30826.08,7.60,7.60,0.00,14.0,20.0,39.6,214,14.81,3.22
2023-05-19,61,27.9,22.8,24.4,30.0,24.7,27.5,2023-05-19T05:16,2023-05-19T18:43,48393.98,18133.15,6.60,6.60,0.00,10.0,21.8,42.8,49,11.72,2.47
2023-05-20,51,27.4,22.2,24.1,31.1,23.9,26.6,2023-05-20T05:16,2023-05-20T18:43,48449.89,17832.51,0.10,0.10,0.00,1.0,13.3,27.0,70,13.92,3.13
2023-05-21,61,29.8,22.0,25.6,33.0,25.7,29.3,2023-05-21T05:15,2023-05-21T18:44,48504.72,24329.20,4.10,4.10,0.00,11.0,25.0,47.2,213,15.42,3.28
2023-05-22,63,31.4,21.9,26.7,34.9,22.2,30.8,2023-05-22T05:15,2023-05-22T18:44,48558.41,3020.85,11.60,11.60,0.00,10.0,27.9,50.4,219,9.83,2.41
2023-05-23,3,25.3,19.5,21.8,25.8,19.3,21.3,2023-05-23T05:15,2023-05-23T18:45,48610.90,33350.59,0.00,0.00,0.00,0.0,21.5,42.8,48,20.40,4.63
2023-05-24,3,26.9,18.5,22.1,30.4,18.4,23.1,2023-05-24T05:14,2023-05-24T18:45,48662.15,36000.00,0.00,0.00,0.00,0.0,14.1,29.5,54,22.47,4.67
2023-05-25,3,29.7,19.3,23.8,34.4,21.2,26.4,2023-05-25T05:14,2023-05-25T18:46,48712.09,42343.39,0.00,0.00,0.00,0.0,19.5,39.6,87,22.42,4.46
2023-05-26,1,30.1,20.9,25.5,34.5,24.2,29.0,2023-05-26T05:14,2023-05-26T18:46,48760.68,43221.40,0.00,0.00,0.00,0.0,14.6,32.8,89,24.85,5.10
2023-05-27,2,32.0,22.8,26.6,35.2,26.2,29.3,2023-05-27T05:13,2023-05-27T18:47,48807.86,43209.05,0.00,0.00,0.00,0.0,23.7,46.4,44,21.49,5.14
2023-05-28,3,31.6,22.6,26.9,33.9,24.7,28.9,2023-05-28T05:13,2023-05-28T18:47,48853.55,43623.19,0.00,0.00,0.00,0.0,23.6,45.7,38,20.74,5.22
2023-05-29,3,33.4,25.2,28.4,35.4,28.0,30.6,2023-05-29T05:13,2023-05-29T18:48,48897.72,36547.69,0.00,0.00,0.00,0.0,27.5,54.0,36,23.28,6.03
2023-05-30,3,34.1,25.1,28.6,36.1,27.7,30.4,2023-05-30T05:13,2023-05-30T18:48,48940.31,43613.14,0.00,0.00,0.00,0.0,27.2,52.6,37,25.82,6.90
2023-05-31,3,34.7,25.4,28.9,36.7,27.8,30.9,2023-05-31T05:12,2023-05-31T18:49,48981.26,43507.12,0.00,0.00,0.00,0.0,29.3,60.8,33,25.09,6.81
2023-06-01,53,37.2,25.0,29.9,41.3,28.6,33.4,2023-06-01T05:12,2023-06-01T18:49,49020.50,43513.53,1.70,1.70,0.00,8.0,19.7,42.1,72,25.66,6.44
2023-06-02,61,34.3,25.6,29.3,39.9,30.4,34.6,2023-06-02T05:12,2023-06-02T18:50,49057.99,43200.00,6.50,6.50,0.00,11.0,14.6,32.8,173,21.98,5.01
2023-06-03,55,31.3,24.8,27.9,34.1,27.9,30.7,2023-06-03T05:12,2023-06-03T18:50,49093.67,29849.97,3.30,3.30,0.00,8.0,18.8,38.5,59,16.34,4.52
2023-06-04,3,33.1,23.7,27.7,38.0,27.1,30.7,2023-06-04T05:12,2023-06-04T18:50,49127.47,43611.20,0.00,0.00,0.00,0.0,23.0,47.2,60,24.85,5.84
2023-06-05,51,35.3,24.0,29.3,39.4,29.1,33.2,2023-06-05T05:12,2023-06-05T18:51,49159.34,43721.87,0.10,0.10,0.00,1.0,22.2,43.2,201,24.95,6.20
2023-06-06,61,35.6,25.7,29.9,38.8,30.8,33.9,2023-06-06T05:12,2023-06-06T18:51,49189.22,40676.75,4.80,4.80,0.00,5.0,26.9,52.2,214,24.28,6.26
2023-06-07,63,33.6,25.0,28.1,37.7,31.0,33.6,2023-06-07T05:12,2023-06-07T18:52,49217.07,26632.16,10.10,10.10,0.00,14.0,18.2,40.0,199,16.89,3.95
2023-06-08,63,34.4,25.8,28.6,38.6,31.5,33.6,2023-06-08T05:12,2023-06-08T18:52,49243.06,33673.64,16.00,16.00,0.00,9.0,22.7,45.4,215,20.38,4.76
2023-06-09,65,31.0,22.7,25.8,38.7,25.9,31.3,2023-06-09T05:12,2023-06-09T18:52,49267.30,14400.00,62.00,62.00,0.00,23.0,14.1,33.1,177,13.11,2.75
2023-06-10,65,26.3,22.3,24.3,31.7,25.6,28.9,2023-06-10T05:12,2023-06-10T18:53,49289.78,18856.01,66.10,66.10,0.00,19.0,8.7,25.9,126,12.76,2.51
2023-06-11,3,29.6,21.9,25.8,36.1,26.2,31.2,2023-06-11T05:12,2023-06-11T18:53,49310.46,39344.28,0.00,0.00,0.00,0.0,12.4,26.6,107,19.96,3.94
2023-06-12,3,30.2,24.1,26.7,34.5,28.5,31.0,2023-06-12T05:12,2023-06-12T18:54,49329.36,39927.64,0.00,0.00,0.00,0.0,18.2,35.3,59,23.19,4.77
2023-06-13,55,29.9,22.7,26.4,35.8,26.7,31.0,2023-06-13T05:12,2023-06-13T18:54,49346.45,38019.39,1.10,1.10,0.00,2.0,12.3,27.4,64,22.59,4.60
2023-06-14,63,28.0,24.0,25.4,32.1,28.1,29.7,2023-06-14T05:12,2023-06-14T18:54,49361.70,16205.86,20.70,20.70,0.00,16.0,15.5,29.9,42,10.83,2.29
2023-06-15,55,27.0,23.2,25.0,30.6,25.6,28.4,2023-06-15T05:12,2023-06-15T18:55,49375.12,8956.18,4.10,4.10,0.00,14.0,14.3,26.6,55,10.66,2.48
2023-06-16,65,26.6,23.0,24.8,31.7,24.7,28.5,2023-06-16T05:12,2023-06-16T18:55,49386.69,4781.71,18.70,18.70,0.00,14.0,23.4,43.6,46,8.65,1.98
2023-06-17,63,28.3,23.5,25.3,33.7,27.5,30.2,2023-06-17T05:12,2023-06-17T18:55,49396.39,4354.29,21.20,21.20,0.00,18.0,16.9,38.5,222,7.82,1.59
2023-06-18,55,30.8,25.0,27.5,35.7,29.7,32.3,2023-06-18T05:12,2023-06-18T18:56,49404.21,25765.62,5.00,5.00,0.00,13.0,23.8,49.0,223,17.77,3.69
2023-06-19,53,31.2,25.9,28.0,36.4,31.1,32.9,2023-06-19T05:13,2023-06-19T18:56,49410.16,30557.39,2.60,2.60,0.00,9.0,24.4,49.7,215,19.78,4.08
2023-06-20,61,32.7,25.7,28.7,39.9,30.9,34.4,2023-06-20T05:13,2023-06-20T18:56,49414.20,32700.56,2.40,2.40,0.00,2.0,23.0,42.8,210,21.24,4.49
2023-06-21,63,32.9,25.8,28.3,40.0,32.0,34.6,2023-06-21T05:13,2023-06-21T18:56,49416.35,36000.00,4.20,4.20,0.00,5.0,19.8,42.1,216,21.14,4.38
2023-06-22,65,30.2,24.1,26.0,38.2,26.7,31.5,2023-06-22T05:13,2023-06-22T18:57,49416.57,24626.29,27.30,27.30,0.00,13.0,21.8,38.2,32,15.88,3.12
2023-06-23,61,27.9,23.6,25.6,33.8,26.5,30.5,2023-06-23T05:13,2023-06-23T18:57,49414.88,6580.32,6.50,6.50,0.00,14.0,15.9,32.0,74,11.65,2.43
2023-06-24,51,29.7,23.4,26.6,34.3,28.4,31.7,2023-06-24T05:14,2023-06-24T18:57,49411.25,19564.63,1.40,1.40,0.00,7.0,18.6,38.2,217,14.86,3.09
2023-06-25,51,31.8,23.5,27.8,37.1,28.4,32.8,2023-06-25T05:14,2023-06-25T18:57,49405.69,43958.21,0.70,0.70,0.00,3.0,22.1,41.8,214,25.46,5.34
2023-06-26,2,32.8,24.6,28.7,38.2,30.0,33.8,2023-06-26T05:14,2023-06-26T18:57,49398.20,44584.81,0.00,0.00,0.00,0.0,14.8,30.2,217,26.34,5.75
2023-06-27,1,33.2,24.8,29.1,38.3,29.8,33.8,2023-06-27T05:14,2023-06-27T18:57,49388.74,40394.23,0.00,0.00,0.00,0.0,15.5,31.7,217,25.34,5.79
2023-06-28,3,32.7,24.9,29.3,38.9,29.0,34.1,2023-06-28T05:15,2023-06-28T18:57,49377.24,41586.49,0.00,0.00,0.00,0.0,13.0,29.2,182,22.05,5.12
2023-06-29,61,33.6,25.7,29.1,37.0,31.2,33.5,2023-06-29T05:15,2023-06-29T18:58,49363.66,40521.39,3.60,3.60,0.00,9.0,26.0,56.2,214,23.61,5.47
2023-06-30,53,32.8,26.5,28.9,37.1,30.9,33.0,2023-06-30T05:15,2023-06-30T18:58,49348.04,37438.83,3.70,3.70,0.00,16.0,22.9,51.8,215,19.60,4.80
2023-07-01,61,33.6,26.6,29.1,38.2,30.8,33.8,2023-07-01T05:16,2023-07-01T18:58,49330.43,31666.88,3.80,3.80,0.00,17.0,21.8,47.5,213,21.20,5.03
2023-07-02,53,33.0,26.4,29.3,37.0,30.5,33.3,2023-07-02T05:16,2023-07-02T18:58,49310.85,38745.01,1.60,1.60,0.00,11.0,24.4,53.6,211,22.73,5.55
2023-07-03,51,33.2,26.8,29.7,36.9,31.0,33.3,2023-07-03T05:16,2023-07-03T18:58,49289.36,43450.01,1.20,1.20,0.00,9.0,26.4,55.8,213,24.62,6.14
2023-07-04,51,34.1,27.0,29.8,37.4,30.4,33.2,2023-07-04T05:17,2023-07-04T18:58,49265.98,44080.23,1.30,1.30,0.00,9.0,27.6,60.1,214,23.77,6.11
2023-07-05,53,35.9,26.7,30.2,39.7,31.3,34.3,2023-07-05T05:17,2023-07-05T18:58,49240.77,44331.72,0.80,0.80,0.00,3.0,27.8,61.2,212,24.71,6.26
2023-07-06,1,35.7,26.9,30.4,40.9,32.7,34.8,2023-07-06T05:18,2023-07-06T18:58,49213.77,44834.66,0.00,0.00,0.00,0.0,30.7,63.7,203,25.90,6.49
2023-07-07,1,35.6,27.1,30.4,38.9,31.9,34.0,2023-07-07T05:18,2023-07-07T18:58,49185.03,45146.36,0.00,0.00,0.00,0.0,32.5,68.4,202,27.45,7.01
2023-07-08,1,37.8,27.0,30.8,40.7,31.8,34.7,2023-07-08T05:18,2023-07-08T18:57,49154.56,45146.54,0.00,0.00,0.00,0.0,30.4,63.7,205,27.57,7.19
2023-07-09,1,37.2,26.5,30.8,42.8,32.2,35.9,2023-07-09T05:19,2023-07-09T18:57,49122.43,44954.41,0.00,0.00,0.00,0.0,21.3,49.3,201,26.38,6.51
2023-07-10,3,36.2,26.6,30.6,41.9,32.9,36.3,2023-07-10T05:19,2023-07-10T18:57,49088.68,44951.66,0.00,0.00,0.00,0.0,19.1,43.9,189,26.34,6.27
2023-07-11,51,35.9,26.6,30.4,39.9,32.2,34.8,2023-07-11T05:20,2023-07-11T18:57,49053.35,45073.35,0.20,0.20,0.00,2.0,26.1,56.9,201,25.87,6.59
2023-07-12,1,37.0,26.2,30.8,41.2,31.5,35.1,2023-07-12T05:20,2023-07-12T18:57,49016.47,44945.05,0.00,0.00,0.00,0.0,23.6,52.6,204,26.74,6.87
2023-07-13,1,39.1,27.2,31.9,41.8,32.1,35.6,2023-07-13T05:21,2023-07-13T18:57,48978.11,43824.65,0.00,0.00,0.00,0.0,23.1,51.8,200,27.22,7.50
2023-07-14,53,34.5,25.9,30.3,40.3,31.9,35.3,2023-07-14T05:21,2023-07-14T18:56,48938.29,44442.47,0.70,0.70,0.00,2.0,18.4,42.5,105,26.52,6.24
2023-07-15,51,37.4,26.9,31.2,41.2,31.9,35.0,2023-07-15T05:21,2023-07-15T18:56,48897.06,44316.68,0.10,0.10,0.00,1.0,25.0,52.6,39,22.70,6.49
2023-07-16,53,37.6,27.9,31.2,40.5,32.4,35.1,2023-07-16T05:22,2023-07-16T18:56,48854.46,44314.31,2.40,2.40,0.00,7.0,25.1,54.7,43,25.78,6.95
2023-07-17,51,34.0,26.4,29.7,39.2,31.7,35.1,2023-07-17T05:22,2023-07-17T18:56,48810.53,31065.60,0.80,0.80,0.00,4.0,15.6,34.6,70,16.69,4.14
2023-07-18,53,34.9,26.4,30.2,39.4,32.4,35.2,2023-07-18T05:23,2023-07-18T18:55,48764.93,41181.17,1.30,1.30,0.00,6.0,17.2,39.6,208,22.62,5.62
2023-07-19,53,36.6,26.6,30.5,41.6,32.8,36.0,2023-07-19T05:23,2023-07-19T18:55,48717.51,43200.00,2.10,2.10,0.00,5.0,20.7,47.9,214,24.68,5.91
2023-07-20,63,37.4,26.7,30.3,42.3,33.4,36.4,2023-07-20T05:24,2023-07-20T18:55,48668.36,37508.53,8.20,8.20,0.00,8.0,17.2,45.7,214,23.72,5.63
2023-07-21,63,33.6,26.8,29.1,40.9,33.0,35.7,2023-07-21T05:24,2023-07-21T18:54,48617.53,32520.65,11.50,11.50,0.00,12.0,13.7,36.0,218,18.86,4.11
2023-07-22,2,34.6,27.2,30.0,39.1,33.3,35.0,2023-07-22T05:25,2023-07-22T18:54,48565.11,37923.15,0.00,0.00,0.00,0.0,19.3,43.2,206,22.37,5.41
2023-07-23,51,35.8,26.6,30.2,40.8,31.8,35.2,2023-07-23T05:25,2023-07-23T18:54,48511.17,44056.99,0.20,0.20,0.00,2.0,17.8,42.1,206,24.49,5.93
2023-07-24,53,34.8,26.2,29.8,41.5,32.7,35.9,2023-07-24T05:26,2023-07-24T18:53,48455.77,42315.18,0.60,0.60,0.00,1.0,13.2,35.6,116,22.41,5.13
2023-07-25,2,35.6,26.9,30.5,38.1,31.0,33.3,2023-07-25T05:26,2023-07-25T18:53,48399.00,44167.13,0.00,0.00,0.00,0.0,28.2,60.5,39,25.25,7.14
2023-07-26,3,33.2,27.7,29.7,33.4,28.9,30.7,2023-07-26T05:27,2023-07-26T18:52,48340.91,40080.39,0.00,0.00,0.00,0.0,43.3,88.2,41,18.14,6.05
2023-07-27,53,33.4,27.3,29.3,33.2,27.9,29.7,2023-07-27T05:27,2023-07-27T18:52,48281.57,37960.68,1.00,1.00,0.00,4.0,51.8,104.0,38,21.52,6.35
2023-07-28,65,27.8,25.0,26.2,30.4,24.8,28.2,2023-07-28T05:28,2023-07-28T18:51,48221.07,0.00,99.00,99.00,0.00,22.0,56.1,104.8,120,1.47,0.94
2023-07-29,63,27.8,25.0,26.1,32.8,28.5,30.7,2023-07-29T05:28,2023-07-29T18:51,48159.46,711.88,45.10,45.10,0.00,23.0,25.3,46.8,197,7.95,1.58
2023-07-30,61,29.3,25.5,26.9,35.5,32.0,33.2,2023-07-30T05:29,2023-07-30T18:50,48096.80,15105.86,5.00,5.00,0.00,18.0,9.1,25.2,144,14.27,2.90
2023-07-31,55,31.8,25.1,27.7,38.6,30.6,33.7,2023-07-31T05:29,2023-07-31T18:50,48033.18,22554.45,2.70,2.70,0.00,6.0,10.7,25.6,52,18.29,3.91
2023-08-01,2,31.9,23.9,28.0,37.0,28.7,32.8,2023-08-01T05:30,2023-08-01T18:49,47968.64,43386.59,0.00,0.00,0.00,0.0,15.1,33.8,43,23.58,5.15
2023-08-02,51,33.4,25.1,29.2,39.7,30.1,34.8,2023-08-02T05:30,2023-08-02T18:48,47903.25,43810.18,1.30,1.30,0.00,6.0,11.4,26.3,137,25.05,5.49
2023-08-03,51,36.4,25.8,30.4,43.1,31.4,36.6,2023-08-03T05:31,2023-08-03T18:48,47837.08,43200.00,0.70,0.70,0.00,5.0,14.0,32.0,242,24.96,5.76
2023-08-04,65,36.7,27.2,30.5,43.3,32.4,37.1,2023-08-04T05:31,2023-08-04T18:47,47770.19,43499.04,10.50,10.50,0.00,3.0,15.4,37.8,245,23.28,5.40
2023-08-05,51,36.4,27.2,31.2,44.4,34.1,38.3,2023-08-05T05:32,2023-08-05T18:46,47702.64,43600.80,0.50,0.50,0.00,3.0,17.0,36.7,201,24.02,5.63
2023-08-06,51,35.6,27.2,30.7,44.3,34.7,38.4,2023-08-06T05:32,2023-08-06T18:46,47634.48,43600.41,0.30,0.30,0.00,3.0,9.7,25.2,162,23.40,5.19
2023-08-07,51,34.5,27.4,30.5,42.8,35.0,37.6,2023-08-07T05:32,2023-08-07T18:45,47565.25,42719.76,0.50,0.50,0.00,3.0,13.3,31.7,200,21.44,4.85
2023-08-08,63,33.0,26.9,28.8,40.4,34.0,36.0,2023-08-08T05:33,2023-08-08T18:44,47494.75,27067.32,10.10,10.10,0.00,13.0,10.5,27.4,252,16.02,3.47
2023-08-09,61,34.1,26.0,29.3,41.2,32.8,36.2,2023-08-09T05:33,2023-08-09T18:44,47423.06,42919.82,2.30,2.30,0.00,5.0,12.7,32.8,215,21.78,4.75
2023-08-10,65,28.6,25.3,26.9,35.4,31.2,33.1,2023-08-10T05:34,2023-08-10T18:43,47350.24,10427.79,26.20,26.20,0.00,16.0,12.0,27.0,74,10.70,2.25
2023-08-11,63,27.9,25.5,26.3,34.0,31.4,32.6,2023-08-11T05:34,2023-08-11T18:42,47276.38,5438.54,15.30,15.30,0.00,22.0,14.6,33.5,148,9.38,1.95
2023-08-12,61,29.3,25.2,26.8,35.6,30.9,32.2,2023-08-12T05:35,2023-08-12T18:41,47201.53,35280.50,9.00,9.00,0.00,17.0,21.6,44.6,216,16.64,3.40
2023-08-13,61,29.5,26.0,27.5,33.4,30.9,31.9,2023-08-13T05:35,2023-08-13T18:41,47125.79,34155.19,7.10,7.10,0.00,14.0,25.8,57.2,215,16.79,3.45
2023-08-14,55,32.9,26.7,29.0,38.7,31.7,34.1,2023-08-14T05:36,2023-08-14T18:40,47049.21,38618.53,3.30,3.30,0.00,8.0,22.0,46.8,218,21.19,4.70
2023-08-15,63,32.3,26.7,28.5,40.4,32.8,34.9,2023-08-15T05:36,2023-08-15T18:39,46971.87,27522.28,7.30,7.30,0.00,11.0,15.5,36.4,226,17.37,3.72
2023-08-16,61,30.1,25.7,27.3,37.8,31.8,33.9,2023-08-16T05:37,2023-08-16T18:38,46893.83,27748.85,4.20,4.20,0.00,10.0,11.0,29.2,73,15.72,3.21
2023-08-17,61,31.5,24.8,27.1,39.0,29.6,33.3,2023-08-17T05:37,2023-08-17T18:37,46815.15,34987.08,3.30,3.30,0.00,5.0,11.7,32.4,346,18.19,3.72
2023-08-18,63,28.8,23.9,26.0,35.1,28.5,31.7,2023-08-18T05:37,2023-08-18T18:36,46735.91,32475.26,13.90,13.90,0.00,18.0,10.0,26.6,81,15.74,3.14
2023-08-19,65,27.8,23.3,25.3,33.0,26.6,30.1,2023-08-19T05:38,2023-08-19T18:35,46656.18,11151.46,32.00,32.00,0.00,21.0,15.5,31.7,70,11.92,2.40
2023-08-20,63,29.7,23.5,26.2,35.0,28.3,31.6,2023-08-20T05:38,2023-08-20T18:34,46576.00,21992.23,14.40,14.40,0.00,19.0,11.5,28.8,202,14.66,3.00
2023-08-21,63,31.6,24.5,27.7,37.2,30.1,33.6,2023-08-21T05:39,2023-08-21T18:34,46495.45,41355.66,9.10,9.10,0.00,8.0,18.6,40.3,217,22.85,4.62
2023-08-22,53,31.9,25.6,28.0,39.4,31.7,34.4,2023-08-22T05:39,2023-08-22T18:33,46414.59,41516.06,1.00,1.00,0.00,5.0,17.1,38.5,215,20.17,4.12
2023-08-23,65,29.8,25.7,27.5,36.1,32.2,34.2,2023-08-23T05:40,2023-08-23T18:32,46333.47,20488.21,11.60,11.60,0.00,11.0,13.0,28.4,221,14.33,2.97
2023-08-24,63,31.9,25.8,27.8,39.3,32.4,34.7,2023-08-24T05:40,2023-08-24T18:31,46252.16,28337.14,7.20,7.20,0.00,11.0,7.9,22.3,266,17.58,3.70
2023-08-25,63,29.3,25.0,27.2,36.3,30.2,33.5,2023-08-25T05:40,2023-08-25T18:30,46170.71,29248.38,14.90,14.90,0.00,15.0,9.2,21.2,42,14.69,3.02
2023-08-26,63,31.1,24.9,27.3,37.2,29.9,32.8,2023-08-26T05:41,2023-08-26T18:29,46089.18,32484.38,11.80,11.80,0.00,10.0,18.1,38.9,31,18.45,3.75
2023-08-27,63,32.2,24.4,27.7,39.9,29.7,33.9,2023-08-27T05:41,2023-08-27T18:28,46007.07,39357.70,6.30,6.30,0.00,6.0,10.2,24.5,8,22.43,4.63
2023-08-28,63,31.2,24.9,27.7,38.9,30.8,34.1,2023-08-28T05:42,2023-08-28T18:27,45924.16,40261.18,3.60,3.60,0.00,7.0,12.2,29.5,208,19.80,4.16
2023-08-29,51,32.8,24.7,28.6,39.5,30.4,34.0,2023-08-29T05:42,2023-08-29T18:26,45840.53,42912.10,0.90,0.90,0.00,6.0,19.8,38.2,49,23.09,5.20
2023-08-30,51,31.3,26.6,28.5,34.3,28.2,31.0,2023-08-30T05:42,2023-08-30T18:25,45756.22,42097.07,0.40,0.40,0.00,3.0,32.1,67.7,32,22.44,5.40
2023-08-31,51,29.0,25.8,27.2,29.9,27.0,28.5,2023-08-31T05:43,2023-08-31T18:24,45671.30,17770.84,1.00,1.00,0.00,9.0,37.2,74.5,36,14.25,4.04
2023-09-01,53,30.0,25.4,27.4,32.0,26.4,29.0,2023-09-01T05:43,2023-09-01T18:23,45585.84,21769.49,2.10,2.10,0.00,10.0,34.9,70.9,39,14.64,4.20
2023-09-02,51,30.2,25.3,27.6,31.8,26.2,29.3,2023-09-02T05:44,2023-09-02T18:22,45499.89,32647.51,0.40,0.40,0.00,3.0,33.4,68.0,35,17.59,4.75
2023-09-03,51,30.3,26.1,27.6,32.2,27.4,29.5,2023-09-03T05:44,2023-09-03T18:21,45413.52,29103.41,2.40,2.40,0.00,16.0,37.6,76.7,30,18.17,4.36
2023-09-04,65,27.0,25.2,26.1,28.4,25.8,27.2,2023-09-04T05:44,2023-09-04T18:20,45326.77,3600.00,67.50,67.50,0.00,22.0,41.8,81.0,39,6.81,1.99
2023-09-05,65,27.8,24.5,26.0,33.9,27.3,30.3,2023-09-05T05:45,2023-09-05T18:19,45239.73,1979.67,105.40,105.40,0.00,22.0,27.7,53.6,65,6.80,1.42
2023-09-06,63,28.4,24.5,25.6,33.9,28.3,30.3,2023-09-06T05:45,2023-09-06T18:18,45152.42,7200.00,45.20,45.20,0.00,22.0,21.7,40.0,68,9.13,1.89
2023-09-07,61,27.8,24.4,25.8,30.5,28.0,29.2,2023-09-07T05:46,2023-09-07T18:17,45064.93,13613.36,14.00,14.00,0.00,19.0,24.0,49.3,38,10.87,2.40
2023-09-08,51,28.7,24.9,26.4,31.5,27.2,29.3,2023-09-08T05:46,2023-09-08T18:16,44977.29,29286.33,0.20,0.20,0.00,2.0,21.7,46.4,44,15.00,3.47
2023-09-09,3,29.8,24.9,26.7,32.9,27.1,29.2,2023-09-09T05:46,2023-09-09T18:14,44889.57,42208.25,0.00,0.00,0.00,0.0,20.7,42.5,46,20.06,4.73
2023-09-10,2,29.7,24.2,26.6,34.2,27.2,30.1,2023-09-10T05:47,2023-09-10T18:13,44801.82,40215.56,0.00,0.00,0.00,0.0,14.3,31.0,45,18.77,4.17
2023-09-11,3,30.4,22.5,26.4,36.5,26.7,31.4,2023-09-11T05:47,2023-09-11T18:12,44714.10,42036.11,0.00,0.00,0.00,0.0,12.9,28.8,105,22.09,4.52
2023-09-12,3,30.9,23.6,27.1,36.5,28.4,32.0,2023-09-12T05:47,2023-09-12T18:11,44626.46,41949.95,0.00,0.00,0.00,0.0,12.6,28.4,76,22.54,4.71
2023-09-13,1,30.9,23.6,27.1,36.4,28.1,32.0,2023-09-13T05:48,2023-09-13T18:10,44538.95,39909.38,0.00,0.00,0.00,0.0,13.0,29.5,157,21.96,4.57
2023-09-14,51,30.9,24.0,27.4,36.9,29.1,32.8,2023-09-14T05:48,2023-09-14T18:09,44451.62,40266.57,0.30,0.30,0.00,1.0,14.5,32.4,117,22.54,4.64
2023-09-15,51,31.6,23.8,27.9,37.0,28.8,33.1,2023-09-15T05:49,2023-09-15T18:08,44364.53,41691.66,0.40,0.40,0.00,3.0,12.3,27.0,141,22.72,4.80
2023-09-16,3,31.4,23.9,27.9,35.8,29.1,33.0,2023-09-16T05:49,2023-09-16T18:07,44277.17,31552.31,0.00,0.00,0.00,0.0,13.0,28.4,212,17.16,3.88
2023-09-17,55,32.4,23.7,27.7,38.9,28.9,33.7,2023-09-17T05:49,2023-09-17T18:06,44189.31,40208.18,1.40,1.40,0.00,3.0,11.2,27.4,215,20.72,4.40
2023-09-18,53,32.8,25.5,28.3,39.5,30.5,33.9,2023-09-18T05:50,2023-09-18T18:05,44101.01,40598.19,1.10,1.10,0.00,4.0,13.4,30.2,70,21.10,4.60
2023-09-19,1,32.9,24.1,28.5,38.2,28.8,33.3,2023-09-19T05:50,2023-09-19T18:04,44012.33,41248.00,0.00,0.00,0.00,0.0,17.0,33.8,53,22.20,5.08
2023-09-20,51,33.6,24.3,28.6,39.7,28.9,34.2,2023-09-20T05:51,2023-09-20T18:03,43923.32,41078.41,0.10,0.10,0.00,1.0,12.3,29.9,121,21.59,4.70
2023-09-21,2,33.3,24.1,28.7,39.2,29.5,34.0,2023-09-21T05:51,2023-09-21T18:01,43834.04,41042.74,0.00,0.00,0.00,0.0,16.1,35.6,76,21.54,4.87
2023-09-22,2,32.7,26.0,28.8,36.1,29.8,32.1,2023-09-22T05:51,2023-09-22T18:00,43744.54,41073.80,0.00,0.00,0.00,0.0,20.6,44.3,42,21.02,5.41
2023-09-23,51,32.5,25.3,28.4,35.6,28.0,31.1,2023-09-23T05:52,2023-09-23T17:59,43654.89,40326.65,0.50,0.50,0.00,4.0,23.9,51.8,38,20.25,5.27
2023-09-24,51,32.3,25.5,28.2,35.7,28.5,31.2,2023-09-24T05:52,2023-09-24T17:58,43565.15,39307.07,0.30,0.30,0.00,2.0,24.3,50.8,42,19.12,4.88
2023-09-25,51,32.7,26.0,28.9,36.3,29.8,32.4,2023-09-25T05:52,2023-09-25T17:57,43475.36,40250.42,0.30,0.30,0.00,3.0,20.9,45.0,44,20.59,5.21
2023-09-26,51,32.7,26.1,28.8,36.0,29.7,32.1,2023-09-26T05:53,2023-09-26T17:56,43385.58,39641.83,0.50,0.50,0.00,3.0,21.8,47.9,43,20.59,5.24
2023-09-27,2,32.3,25.8,28.6,35.2,28.9,31.6,2023-09-27T05:53,2023-09-27T17:55,43295.87,40075.77,0.00,0.00,0.00,0.0,24.2,52.2,42,19.71,5.16
2023-09-28,51,32.0,25.8,28.3,34.7,28.7,31.1,2023-09-28T05:54,2023-09-28T17:54,43206.29,39276.12,1.50,1.50,0.00,6.0,25.5,54.0,40,18.19,4.81
2023-09-29,51,32.2,25.9,28.5,35.4,28.8,31.6,2023-09-29T05:54,2023-09-29T17:53,43116.89,39090.62,0.70,0.70,0.00,4.0,23.0,50.8,39,19.30,4.99
2023-09-30,1,33.6,25.1,29.0,37.2,29.2,32.6,2023-09-30T05:54,2023-09-30T17:52,43027.73,39740.66,0.00,0.00,0.00,0.0,17.0,37.1,47,20.71,5.25
2023-10-01,51,30.6,25.9,27.8,32.8,27.3,30.1,2023-10-01T05:55,2023-10-01T17:50,42938.87,38428.43,1.10,1.10,0.00,5.0,28.0,58.7,44,18.72,4.94
2023-10-02,1,30.5,25.0,26.9,31.6,25.3,27.1,2023-10-02T05:55,2023-10-02T17:49,42850.35,38716.54,0.00,0.00,0.00,0.0,26.7,56.5,40,19.65,6.02
2023-10-03,1,31.8,24.0,27.3,33.0,24.2,27.9,2023-10-03T05:56,2023-10-03T17:48,42762.25,39205.84,0.00,0.00,0.00,0.0,25.3,52.6,32,21.32,6.22
2023-10-04,3,33.4,24.7,28.2,35.1,26.6,29.7,2023-10-04T05:56,2023-10-04T17:47,42674.61,38968.15,0.00,0.00,0.00,0.0,26.4,55.8,34,19.98,5.89
2023-10-05,51,27.3,22.2,25.3,27.3,19.2,22.8,2023-10-05T05:57,2023-10-05T17:46,42587.50,17418.31,0.80,0.80,0.00,4.0,48.5,101.5,28,12.87,5.59
2023-10-06,51,26.3,21.3,23.1,23.8,19.4,21.3,2023-10-06T05:57,2023-10-06T17:45,42500.36,14673.86,1.10,1.10,0.00,8.0,37.1,77.8,29,11.00,4.13
2023-10-07,61,26.5,20.8,23.4,26.9,20.6,23.6,2023-10-07T05:57,2023-10-07T17:44,42412.94,10699.97,5.60,5.60,0.00,11.0,27.9,54.4,32,9.54,3.26
2023-10-08,51,25.5,21.0,23.2,26.0,21.6,24.1,2023-10-08T05:58,2023-10-08T17:43,42325.31,12939.41,0.40,0.40,0.00,3.0,22.8,47.5,34,10.03,2.74
2023-10-09,63,25.9,20.6,22.9,26.3,21.7,23.6,2023-10-09T05:58,2023-10-09T17:42,42237.54,8759.33,15.90,15.90,0.00,11.0,24.1,50.0,31,8.91,2.57
2023-10-10,3,24.8,21.4,22.8,24.5,21.3,22.6,2023-10-10T05:59,2023-10-10T17:41,42149.68,8761.75,0.00,0.00,0.00,0.0,24.3,50.8,28,9.15,3.05
2023-10-11,3,24.5,21.5,22.6,23.2,20.1,21.4,2023-10-11T05:59,2023-10-11T17:40,42061.81,32775.09,0.00,0.00,0.00,0.0,27.9,61.2,29,12.90,4.10
2023-10-12,2,27.1,21.4,23.5,27.5,20.2,23.0,2023-10-12T06:00,2023-10-12T17:39,41973.98,36431.99,0.00,0.00,0.00,0.0,22.6,49.3,30,17.41,4.78
2023-10-13,3,27.7,21.3,24.0,28.7,22.2,25.2,2023-10-13T06:00,2023-10-13T17:38,41886.26,37341.10,0.00,0.00,0.00,0.0,17.7,38.5,39,15.68,3.76
2023-10-14,51,27.6,20.7,23.6,30.1,23.0,25.8,2023-10-14T06:01,2023-10-14T17:37,41798.72,36266.56,0.40,0.40,0.00,4.0,14.4,31.0,44,14.36,3.12
2023-10-15,3,26.7,21.2,23.3,27.6,21.5,24.2,2023-10-15T06:01,2023-10-15T17:36,41711.43,36000.00,0.00,0.00,0.00,0.0,17.2,35.6,40,15.43,3.67
2023-10-16,0,27.3,19.6,22.7,27.3,19.5,22.4,2023-10-16T06:02,2023-10-16T17:35,41624.45,38098.96,0.00,0.00,0.00,0.0,20.8,44.6,30,20.18,4.81
2023-10-17,1,26.1,20.2,22.7,25.4,18.9,21.7,2023-10-17T06:02,2023-10-17T17:35,41537.84,37841.17,0.00,0.00,0.00,0.0,26.7,55.4,30,19.03,4.95
2023-10-18,2,28.6,20.7,24.0,30.1,20.4,24.5,2023-10-18T06:03,2023-10-18T17:34,41451.68,37586.57,0.00,0.00,0.00,0.0,18.9,40.0,32,18.76,4.66
2023-10-19,51,30.5,21.0,25.3,33.2,23.3,28.1,2023-10-19T06:03,2023-10-19T17:33,41366.05,32532.90,1.40,1.40,0.00,6.0,14.5,31.3,39,16.13,3.76
2023-10-20,51,28.1,19.8,23.7,31.5,17.6,25.8,2023-10-20T06:04,2023-10-20T17:32,41281.00,20953.37,0.90,0.90,0.00,9.0,29.1,59.4,48,11.67,3.05
2023-10-21,53,21.9,18.6,20.2,19.6,16.0,18.1,2023-10-21T06:04,2023-10-21T17:31,41196.61,1008.04,0.90,0.90,0.00,3.0,25.2,51.5,34,6.43,3.16
2023-10-22,61,23.9,19.2,21.0,22.9,18.6,20.6,2023-10-22T06:05,2023-10-22T17:30,41112.96,20744.05,3.90,3.90,0.00,7.0,21.8,47.2,26,10.18,2.69
2023-10-23,3,26.0,20.8,23.0,26.0,21.0,23.1,2023-10-23T06:05,2023-10-23T17:29,41030.11,15468.00,0.00,0.00,0.00,0.0,22.7,48.2,26,9.59,3.14
2023-10-24,51,29.6,22.2,24.7,31.1,23.4,26.3,2023-10-24T06:06,2023-10-24T17:28,40948.14,36135.12,0.10,0.10,0.00,1.0,21.4,44.3,36,16.00,3.91
2023-10-25,1,29.9,20.2,24.5,32.2,22.6,26.6,2023-10-25T06:06,2023-10-25T17:28,40867.13,37197.98,0.00,0.00,0.00,0.0,18.9,39.2,51,17.85,3.99
2023-10-26,53,29.3,21.1,24.2,31.5,23.6,26.4,2023-10-26T06:07,2023-10-26T17:27,40786.48,30400.44,2.50,2.50,0.00,7.0,14.8,32.8,38,14.27,3.24
2023-10-27,53,24.3,21.5,22.4,25.0,21.1,23.7,2023-10-27T06:08,2023-10-27T17:26,40705.91,6201.65,2.00,2.00,0.00,7.0,20.4,43.6,36,7.18,1.96
2023-10-28,53,25.1,19.9,21.6,24.2,19.6,21.4,2023-10-28T06:08,2023-10-28T17:25,40625.49,21262.89,0.70,0.70,0.00,3.0,20.9,45.7,29,12.15,3.25
2023-10-29,3,25.1,19.9,21.8,24.3,19.7,21.5,2023-10-29T06:09,2023-10-29T17:25,40545.31,35833.23,0.00,0.00,0.00,0.0,20.4,44.6,31,13.94,3.55
2023-10-30,2,27.5,18.8,22.5,27.6,18.3,22.3,2023-10-30T06:09,2023-10-30T17:24,40465.44,36840.14,0.00,0.00,0.00,0.0,20.5,43.6,30,18.13,4.40
2023-10-31,2,27.8,20.2,22.9,26.4,19.9,22.4,2023-10-31T06:10,2023-10-31T17:23,40385.95,36619.13,0.00,0.00,0.00,0.0,26.5,55.8,33,17.35,4.46
2023-11-01,3,26.8,20.3,22.8,26.0,20.1,22.4,2023-11-01T06:11,2023-11-01T17:22,40306.93,36481.30,0.00,0.00,0.00,0.0,21.2,46.8,31,15.50,4.19
2023-11-02,3,27.8,20.6,23.6,28.8,21.3,24.3,2023-11-02T06:11,2023-11-02T17:22,40228.46,34407.83,0.00,0.00,0.00,0.0,16.9,37.8,30,13.79,3.61
2023-11-03,1,28.9,18.4,23.1,30.9,20.5,25.2,2023-11-03T06:12,2023-11-03T17:21,40150.60,36083.94,0.00,0.00,0.00,0.0,15.5,35.6,71,17.07,3.54
2023-11-04,3,30.0,18.9,23.7,32.5,21.1,26.4,2023-11-04T06:13,2023-11-04T17:20,40073.46,36047.73,0.00,0.00,0.00,0.0,14.9,34.9,72,15.72,3.35
2023-11-05,1,30.0,20.1,24.5,32.6,23.2,27.5,2023-11-05T06:13,2023-11-05T17:20,39997.09,35810.67,0.00,0.00,0.00,0.0,14.5,33.1,183,16.76,3.62
2023-11-06,51,32.6,20.2,25.0,34.4,22.8,26.6,2023-11-06T06:14,2023-11-06T17:19,39921.61,36076.61,0.40,0.40,0.00,3.0,27.6,56.9,35,16.51,4.22
2023-11-07,3,24.6,19.4,21.7,22.7,16.5,19.7,2023-11-07T06:14,2023-11-07T17:19,39847.08,35741.00,0.00,0.00,0.00,0.0,24.0,50.8,42,13.97,4.46
2023-11-08,61,26.7,18.9,22.0,26.1,17.3,21.4,2023-11-08T06:15,2023-11-08T17:18,39773.60,35690.29,3.00,3.00,0.00,4.0,17.2,39.2,29,15.62,4.13
2023-11-09,51,30.4,18.7,23.9,32.4,20.3,25.9,2023-11-09T06:16,2023-11-09T17:18,39701.26,35786.00,0.10,0.10,0.00,1.0,13.4,32.4,48,15.46,3.49
2023-11-10,61,26.2,18.3,21.9,29.1,15.6,23.6,2023-11-10T06:16,2023-11-10T17:17,39630.13,9757.54,6.20,6.20,0.00,14.0,30.2,58.3,43,6.32,1.59
2023-11-11,3,21.1,17.8,19.1,18.6,15.5,16.8,2023-11-11T06:17,2023-11-11T17:17,39560.32,10151.39,0.00,0.00,0.00,0.0,28.5,57.6,29,7.93,2.84
2023-11-12,3,21.6,18.4,19.5,19.0,15.8,17.3,2023-11-12T06:18,2023-11-12T17:16,39491.93,12444.65,0.00,0.00,0.00,0.0,25.0,53.6,31,8.68,3.14
2023-11-13,3,18.7,14.8,16.5,14.7,10.6,12.2,2023-11-13T06:18,2023-11-13T17:16,39425.03,35531.34,0.00,0.00,0.00,0.0,28.3,59.8,36,15.46,4.34
2023-11-14,3,20.9,14.2,17.1,18.3,10.8,14.4,2023-11-14T06:19,2023-11-14T17:15,39359.72,18389.03,0.00,0.00,0.00,0.0,20.6,41.4,25,10.47,3.32
2023-11-15,3,21.3,16.6,18.6,19.0,14.4,16.6,2023-11-15T06:20,2023-11-15T17:15,39295.43,29929.12,0.00,0.00,0.00,0.0,25.4,54.4,25,10.62,3.01
2023-11-16,51,23.1,14.3,18.5,23.2,10.7,17.0,2023-11-16T06:21,2023-11-16T17:15,39231.90,31547.93,0.40,0.40,0.00,2.0,19.8,42.1,346,11.78,3.12
2023-11-17,1,20.9,10.7,15.2,17.8,7.7,12.1,2023-11-17T06:21,2023-11-17T17:14,39169.20,35585.27,0.00,0.00,0.00,0.0,16.0,33.5,36,17.31,3.83
2023-11-18,1,20.2,10.5,15.1,16.2,7.4,11.3,2023-11-18T06:22,2023-11-18T17:14,39107.39,35493.27,0.00,0.00,0.00,0.0,20.7,43.9,30,17.05,4.26
2023-11-19,1,21.8,12.5,16.4,19.5,9.8,13.8,2023-11-19T06:23,2023-11-19T17:14,39046.56,35407.88,0.00,0.00,0.00,0.0,18.1,38.9,33,16.61,3.81
2023-11-20,1,22.1,12.5,17.0,19.5,10.5,14.5,2023-11-20T06:23,2023-11-20T17:13,38986.79,35394.36,0.00,0.00,0.00,0.0,20.4,44.6,26,15.89,3.74
2023-11-21,2,24.4,15.7,19.0,23.3,13.8,17.6,2023-11-21T06:24,2023-11-21T17:13,38928.16,35356.41,0.00,0.00,0.00,0.0,19.3,40.7,31,15.17,3.65
2023-11-22,1,26.2,15.4,19.8,26.2,15.4,20.0,2023-11-22T06:25,2023-11-22T17:13,38870.73,35340.92,0.00,0.00,0.00,0.0,15.4,36.0,41,15.24,3.15
2023-11-23,1,27.6,13.0,20.1,26.7,13.1,19.5,2023-11-23T06:26,2023-11-23T17:13,38814.61,35326.86,0.00,0.00,0.00,0.0,19.4,36.4,56,15.78,3.88
2023-11-24,3,19.7,16.0,18.0,18.0,11.8,14.3,2023-11-24T06:26,2023-11-24T17:12,38759.84,35314.24,0.00,0.00,0.00,0.0,31.5,65.5,38,11.28,3.71
2023-11-25,3,19.4,14.4,16.8,15.2,10.0,13.0,2023-11-25T06:27,2023-11-25T17:12,38706.55,30747.56,0.00,0.00,0.00,0.0,28.3,63.0,27,11.08,3.52
2023-11-26,1,23.9,15.0,18.5,22.3,13.3,16.8,2023-11-26T06:28,2023-11-26T17:12,38654.79,35293.38,0.00,0.00,0.00,0.0,19.1,40.3,39,15.38,3.62
2023-11-27,2,27.4,13.5,19.3,27.8,13.2,19.0,2023-11-27T06:29,2023-11-27T17:12,38604.64,35285.16,0.00,0.00,0.00,0.0,16.3,36.7,55,14.90,3.20
2023-11-28,1,23.2,16.2,19.0,20.3,14.3,16.9,2023-11-28T06:29,2023-11-28T17:12,38556.21,35278.42,0.00,0.00,0.00,0.0,26.8,55.4,37,14.99,3.78
2023-11-29,53,24.9,16.5,19.9,24.3,13.7,18.9,2023-11-29T06:30,2023-11-29T17:12,38509.57,26614.63,0.70,0.70,0.00,2.0,20.1,38.5,19,8.98,2.71
2023-11-30,3,21.0,15.9,18.4,20.9,12.8,15.7,2023-11-30T06:31,2023-11-30T17:12,38464.81,32747.78,0.00,0.00,0.00,0.0,28.3,60.5,39,11.91,3.38
